[{"model": "admin.logentry", "pk": 1, "fields": {"action_time": "2021-04-21T09:24:28.319Z", "user": 1, "content_type": 7, "object_id": "1", "object_repr": "pwdr.example.com", "action_flag": 2, "change_message": "[{\"changed\": {\"fields\": [\"Domain name\", \"Display name\"]}}]"}}, {"model": "admin.logentry", "pk": 2, "fields": {"action_time": "2021-04-21T10:12:13.377Z", "user": 1, "content_type": 8, "object_id": "1", "object_repr": "amac@yahoo.com", "action_flag": 2, "change_message": "[{\"changed\": {\"fields\": [\"Verified\", \"Primary\"]}}]"}}, {"model": "admin.logentry", "pk": 3, "fields": {"action_time": "2021-04-27T09:55:50.416Z", "user": 1, "content_type": 14, "object_id": "173", "object_repr": "Pwdr Sport Strawberry", "action_flag": 2, "change_message": "[{\"changed\": {\"fields\": [\"Name\", \"Description\", \"Price\"]}}]"}}, {"model": "admin.logentry", "pk": 4, "fields": {"action_time": "2021-04-27T12:32:06.772Z", "user": 1, "content_type": 14, "object_id": "173", "object_repr": "Pwdr Sport Strawberry", "action_flag": 2, "change_message": "[{\"changed\": {\"fields\": [\"Image\"]}}]"}}, {"model": "admin.logentry", "pk": 5, "fields": {"action_time": "2021-04-27T12:49:55.595Z", "user": 1, "content_type": 14, "object_id": "174", "object_repr": "Pwdr Sport Chocolate", "action_flag": 2, "change_message": "[{\"changed\": {\"fields\": [\"Name\", \"Description\", \"Image\"]}}]"}}, {"model": "admin.logentry", "pk": 6, "fields": {"action_time": "2021-04-27T12:50:26.189Z", "user": 1, "content_type": 14, "object_id": "173", "object_repr": "Pwdr Sport Strawberry", "action_flag": 2, "change_message": "[{\"changed\": {\"fields\": [\"Image\"]}}]"}}, {"model": "admin.logentry", "pk": 7, "fields": {"action_time": "2021-04-27T13:16:07.037Z", "user": 1, "content_type": 14, "object_id": "174", "object_repr": "Pwdr Sport Chocolate", "action_flag": 2, "change_message": "[{\"changed\": {\"fields\": [\"Image url\"]}}]"}}, {"model": "admin.logentry", "pk": 8, "fields": {"action_time": "2021-04-27T13:33:28.592Z", "user": 1, "content_type": 14, "object_id": "173", "object_repr": "Pwdr Sport Strawberry", "action_flag": 2, "change_message": "[{\"changed\": {\"fields\": [\"Image url\"]}}]"}}, {"model": "admin.logentry", "pk": 9, "fields": {"action_time": "2021-04-27T14:28:31.517Z", "user": 1, "content_type": 14, "object_id": "174", "object_repr": "Pwdr Sport Chocolate", "action_flag": 2, "change_message": "[{\"changed\": {\"fields\": [\"Image\"]}}]"}}, {"model": "admin.logentry", "pk": 10, "fields": {"action_time": "2021-04-27T14:29:18.846Z", "user": 1, "content_type": 14, "object_id": "173", "object_repr": "Pwdr Sport Strawberry", "action_flag": 2, "change_message": "[{\"changed\": {\"fields\": [\"Image\"]}}]"}}, {"model": "admin.logentry", "pk": 11, "fields": {"action_time": "2021-04-27T14:31:45.550Z", "user": 1, "content_type": 13, "object_id": "10", "object_repr": "powders", "action_flag": 1, "change_message": "[{\"added\": {}}]"}}, {"model": "admin.logentry", "pk": 12, "fields": {"action_time": "2021-04-27T14:32:05.657Z", "user": 1, "content_type": 13, "object_id": "11", "object_repr": "bars", "action_flag": 1, "change_message": "[{\"added\": {}}]"}}, {"model": "admin.logentry", "pk": 13, "fields": {"action_time": "2021-04-27T14:32:22.052Z", "user": 1, "content_type": 13, "object_id": "12", "object_repr": "merch", "action_flag": 1, "change_message": "[{\"added\": {}}]"}}, {"model": "admin.logentry", "pk": 14, "fields": {"action_time": "2021-04-27T19:02:06.639Z", "user": 1, "content_type": 13, "object_id": "11", "object_repr": "bars", "action_flag": 3, "change_message": ""}}, {"model": "admin.logentry", "pk": 15, "fields": {"action_time": "2021-04-27T19:02:06.665Z", "user": 1, "content_type": 13, "object_id": "10", "object_repr": "powders", "action_flag": 3, "change_message": ""}}, {"model": "admin.logentry", "pk": 16, "fields": {"action_time": "2021-04-27T19:02:06.687Z", "user": 1, "content_type": 13, "object_id": "9", "object_repr": "shirts", "action_flag": 3, "change_message": ""}}, {"model": "admin.logentry", "pk": 17, "fields": {"action_time": "2021-04-27T19:06:39.632Z", "user": 1, "content_type": 13, "object_id": "13", "object_repr": "Programmes", "action_flag": 1, "change_message": "[{\"added\": {}}]"}}, {"model": "admin.logentry", "pk": 18, "fields": {"action_time": "2021-04-27T19:06:48.091Z", "user": 1, "content_type": 13, "object_id": "13", "object_repr": "programmes", "action_flag": 2, "change_message": "[{\"changed\": {\"fields\": [\"Name\"]}}]"}}, {"model": "admin.logentry", "pk": 19, "fields": {"action_time": "2021-04-27T19:08:30.065Z", "user": 1, "content_type": 13, "object_id": "14", "object_repr": "programmes", "action_flag": 1, "change_message": "[{\"added\": {}}]"}}, {"model": "admin.logentry", "pk": 20, "fields": {"action_time": "2021-04-27T19:08:49.910Z", "user": 1, "content_type": 13, "object_id": "14", "object_repr": "programmes", "action_flag": 3, "change_message": ""}}, {"model": "admin.logentry", "pk": 21, "fields": {"action_time": "2021-04-27T19:15:47.981Z", "user": 1, "content_type": 13, "object_id": "15", "object_repr": "bars", "action_flag": 1, "change_message": "[{\"added\": {}}]"}}, {"model": "admin.logentry", "pk": 22, "fields": {"action_time": "2021-04-27T19:16:04.840Z", "user": 1, "content_type": 13, "object_id": "16", "object_repr": "powders", "action_flag": 1, "change_message": "[{\"added\": {}}]"}}, {"model": "admin.logentry", "pk": 23, "fields": {"action_time": "2021-04-28T10:46:09.666Z", "user": 1, "content_type": 15, "object_id": "1", "object_repr": "vegan vigour", "action_flag": 1, "change_message": "[{\"added\": {}}]"}}, {"model": "admin.logentry", "pk": 24, "fields": {"action_time": "2021-04-28T10:46:46.704Z", "user": 1, "content_type": 15, "object_id": "2", "object_repr": "couch to 5k", "action_flag": 1, "change_message": "[{\"added\": {}}]"}}, {"model": "admin.logentry", "pk": 25, "fields": {"action_time": "2021-04-28T10:47:13.874Z", "user": 1, "content_type": 15, "object_id": "3", "object_repr": "pwdr workout club", "action_flag": 1, "change_message": "[{\"added\": {}}]"}}, {"model": "admin.logentry", "pk": 26, "fields": {"action_time": "2021-04-28T10:55:05.012Z", "user": 1, "content_type": 16, "object_id": "1", "object_repr": "Plant Based Power", "action_flag": 1, "change_message": "[{\"added\": {}}]"}}, {"model": "admin.logentry", "pk": 27, "fields": {"action_time": "2021-04-28T11:09:50.901Z", "user": 1, "content_type": 14, "object_id": "165", "object_repr": "Worthington Mixed Media Open Back Blouse - Plus", "action_flag": 3, "change_message": ""}}, {"model": "admin.logentry", "pk": 28, "fields": {"action_time": "2021-04-28T11:09:50.931Z", "user": 1, "content_type": 14, "object_id": "164", "object_repr": "Liz Claiborne Roll-Cuff Cargo Shorts", "action_flag": 3, "change_message": ""}}, {"model": "admin.logentry", "pk": 29, "fields": {"action_time": "2021-04-28T11:09:50.955Z", "user": 1, "content_type": 14, "object_id": "163", "object_repr": "i jeans by Buffalo Lace Midi Skirt", "action_flag": 3, "change_message": ""}}, {"model": "admin.logentry", "pk": 30, "fields": {"action_time": "2021-04-28T11:09:50.980Z", "user": 1, "content_type": 14, "object_id": "162", "object_repr": "a.n.a Sleeveless Cinched Waist Knit Jumpsuit", "action_flag": 3, "change_message": ""}}, {"model": "admin.logentry", "pk": 31, "fields": {"action_time": "2021-04-28T11:09:51.004Z", "user": 1, "content_type": 14, "object_id": "161", "object_repr": "Arizona Poplin Cargo Shorts - Boys 8-20", "action_flag": 3, "change_message": ""}}, {"model": "admin.logentry", "pk": 32, "fields": {"action_time": "2021-04-28T11:09:51.028Z", "user": 1, "content_type": 14, "object_id": "160", "object_repr": "Worthington Slim-Fit Cropped Pants", "action_flag": 3, "change_message": ""}}, {"model": "admin.logentry", "pk": 33, "fields": {"action_time": "2021-04-28T11:09:51.057Z", "user": 1, "content_type": 14, "object_id": "159", "object_repr": "Made for Life Mesh Shorts - Tall", "action_flag": 3, "change_message": ""}}, {"model": "admin.logentry", "pk": 34, "fields": {"action_time": "2021-04-28T11:09:51.083Z", "user": 1, "content_type": 14, "object_id": "158", "object_repr": "Worthington Embroidered Tank Top - Tall", "action_flag": 3, "change_message": ""}}, {"model": "admin.logentry", "pk": 35, "fields": {"action_time": "2021-04-28T11:09:51.106Z", "user": 1, "content_type": 14, "object_id": "157", "object_repr": "Arizona Flex Skinny Jeans", "action_flag": 3, "change_message": ""}}, {"model": "admin.logentry", "pk": 36, "fields": {"action_time": "2021-04-28T11:09:51.130Z", "user": 1, "content_type": 14, "object_id": "156", "object_repr": "Graham & Co. Dress Shirt, Tie and Pre-Tied Bow Tie", "action_flag": 3, "change_message": ""}}, {"model": "admin.logentry", "pk": 37, "fields": {"action_time": "2021-04-28T11:09:51.153Z", "user": 1, "content_type": 14, "object_id": "155", "object_repr": "Stylus Long-Sleeve Back-Pleat Oversized Shirt- Petite", "action_flag": 3, "change_message": ""}}, {"model": "admin.logentry", "pk": 38, "fields": {"action_time": "2021-04-28T11:09:51.176Z", "user": 1, "content_type": 14, "object_id": "154", "object_repr": "Dockers Signature Classic-Fit Flat-Front Pants", "action_flag": 3, "change_message": ""}}, {"model": "admin.logentry", "pk": 39, "fields": {"action_time": "2021-04-28T11:09:51.199Z", "user": 1, "content_type": 14, "object_id": "153", "object_repr": "Made For Life Short-Sleeve Print V-Neck Mesh T-Shirt - Tall", "action_flag": 3, "change_message": ""}}, {"model": "admin.logentry", "pk": 40, "fields": {"action_time": "2021-04-28T11:09:51.222Z", "user": 1, "content_type": 14, "object_id": "152", "object_repr": "Arizona Raw-Edge Denim Bermuda Shorts - Juniors Plus", "action_flag": 3, "change_message": ""}}, {"model": "admin.logentry", "pk": 41, "fields": {"action_time": "2021-04-28T11:09:51.244Z", "user": 1, "content_type": 14, "object_id": "151", "object_repr": "Made for Life Secretly Slender Capri Leggings - Plus", "action_flag": 3, "change_message": ""}}, {"model": "admin.logentry", "pk": 42, "fields": {"action_time": "2021-04-28T11:09:51.267Z", "user": 1, "content_type": 14, "object_id": "150", "object_repr": "Carter's Short-Sleeve Shark Tee - Preschool Boys 4-7", "action_flag": 3, "change_message": ""}}, {"model": "admin.logentry", "pk": 43, "fields": {"action_time": "2021-04-28T11:09:51.291Z", "user": 1, "content_type": 14, "object_id": "149", "object_repr": "Stylus Linen Crop Pants", "action_flag": 3, "change_message": ""}}, {"model": "admin.logentry", "pk": 44, "fields": {"action_time": "2021-04-28T11:09:51.313Z", "user": 1, "content_type": 14, "object_id": "148", "object_repr": "Black+Decker Stainless Steel Rapid 2-Slice Toaster", "action_flag": 3, "change_message": ""}}, {"model": "admin.logentry", "pk": 45, "fields": {"action_time": "2021-04-28T11:09:51.335Z", "user": 1, "content_type": 14, "object_id": "147", "object_repr": "Island Shores Short-Sleeve Printed Camp Shirt", "action_flag": 3, "change_message": ""}}, {"model": "admin.logentry", "pk": 46, "fields": {"action_time": "2021-04-28T11:09:51.358Z", "user": 1, "content_type": 14, "object_id": "146", "object_repr": "Rachael Ray 10-pc. Hard-Anodized Cookware Set", "action_flag": 3, "change_message": ""}}, {"model": "admin.logentry", "pk": 47, "fields": {"action_time": "2021-04-28T11:09:51.381Z", "user": 1, "content_type": 14, "object_id": "145", "object_repr": "Presto Pizzazz Plus Rotating Oven", "action_flag": 3, "change_message": ""}}, {"model": "admin.logentry", "pk": 48, "fields": {"action_time": "2021-04-28T11:09:51.405Z", "user": 1, "content_type": 14, "object_id": "144", "object_repr": "Liz Claiborne City-Fit 5-Pocket Flared Cropped Jeans - Tall", "action_flag": 3, "change_message": ""}}, {"model": "admin.logentry", "pk": 49, "fields": {"action_time": "2021-04-28T11:09:51.429Z", "user": 1, "content_type": 14, "object_id": "143", "object_repr": "Arizona Cropped Jeans with Belt - Girls 7-16 and Plus", "action_flag": 3, "change_message": ""}}, {"model": "admin.logentry", "pk": 50, "fields": {"action_time": "2021-04-28T11:09:51.459Z", "user": 1, "content_type": 14, "object_id": "142", "object_repr": "Xersion Mesh-Back Tank Top - Plus", "action_flag": 3, "change_message": ""}}, {"model": "admin.logentry", "pk": 51, "fields": {"action_time": "2021-04-28T11:09:51.483Z", "user": 1, "content_type": 14, "object_id": "139", "object_repr": "Champion Vapor Muscle Tank - Plus", "action_flag": 3, "change_message": ""}}, {"model": "admin.logentry", "pk": 52, "fields": {"action_time": "2021-04-28T11:09:51.507Z", "user": 1, "content_type": 14, "object_id": "138", "object_repr": "Worthington 3/4-Sleeve Open-Front Cardigan Sweater", "action_flag": 3, "change_message": ""}}, {"model": "admin.logentry", "pk": 53, "fields": {"action_time": "2021-04-28T11:09:51.532Z", "user": 1, "content_type": 14, "object_id": "137", "object_repr": "Disney Minnie Mouse Girls Athletic Shoes - Toddler", "action_flag": 3, "change_message": ""}}, {"model": "admin.logentry", "pk": 54, "fields": {"action_time": "2021-04-28T11:09:51.555Z", "user": 1, "content_type": 14, "object_id": "136", "object_repr": "Bounce Comfort Plush Memory Foam Chenille Bath Mats", "action_flag": 3, "change_message": ""}}, {"model": "admin.logentry", "pk": 55, "fields": {"action_time": "2021-04-28T11:09:51.580Z", "user": 1, "content_type": 14, "object_id": "135", "object_repr": "a.n.a Roll-Cuff Skinny Ankle Jeans", "action_flag": 3, "change_message": ""}}, {"model": "admin.logentry", "pk": 56, "fields": {"action_time": "2021-04-28T11:09:51.603Z", "user": 1, "content_type": 14, "object_id": "134", "object_repr": "Stylus Destructed Roll-Cuff Boyfriend Crop Jeans", "action_flag": 3, "change_message": ""}}, {"model": "admin.logentry", "pk": 57, "fields": {"action_time": "2021-04-28T11:09:51.627Z", "user": 1, "content_type": 14, "object_id": "133", "object_repr": "Worthington Tipped Envelope Skirt - Tall", "action_flag": 3, "change_message": ""}}, {"model": "admin.logentry", "pk": 58, "fields": {"action_time": "2021-04-28T11:09:51.662Z", "user": 1, "content_type": 14, "object_id": "132", "object_repr": "Alfred Dunner Essential Pull On Capri Pant", "action_flag": 3, "change_message": ""}}, {"model": "admin.logentry", "pk": 59, "fields": {"action_time": "2021-04-28T11:09:51.686Z", "user": 1, "content_type": 14, "object_id": "131", "object_repr": "St. John's Bay Long-Sleeve Camp Shirt", "action_flag": 3, "change_message": ""}}, {"model": "admin.logentry", "pk": 60, "fields": {"action_time": "2021-04-28T11:09:51.722Z", "user": 1, "content_type": 14, "object_id": "130", "object_repr": "Arizona Racerback Tank - Juniors Plus", "action_flag": 3, "change_message": ""}}, {"model": "admin.logentry", "pk": 61, "fields": {"action_time": "2021-04-28T11:09:51.746Z", "user": 1, "content_type": 14, "object_id": "129", "object_repr": "Mixit Side Flower Jelly Strap Sandals", "action_flag": 3, "change_message": ""}}, {"model": "admin.logentry", "pk": 62, "fields": {"action_time": "2021-04-28T11:09:51.770Z", "user": 1, "content_type": 14, "object_id": "128", "object_repr": "Mixit Whitney Leggings - Tall", "action_flag": 3, "change_message": ""}}, {"model": "admin.logentry", "pk": 63, "fields": {"action_time": "2021-04-28T11:09:51.794Z", "user": 1, "content_type": 14, "object_id": "127", "object_repr": "Levi's 527 Bootcut Jeans - Boys 8-20, Slim and Husky", "action_flag": 3, "change_message": ""}}, {"model": "admin.logentry", "pk": 64, "fields": {"action_time": "2021-04-28T11:09:51.818Z", "user": 1, "content_type": 14, "object_id": "126", "object_repr": "Marmellata Sleeveless Dotted Dress - Preschool Girls 4-6x", "action_flag": 3, "change_message": ""}}, {"model": "admin.logentry", "pk": 65, "fields": {"action_time": "2021-04-28T11:09:51.842Z", "user": 1, "content_type": 14, "object_id": "125", "object_repr": "Stylus Flare Jeans", "action_flag": 3, "change_message": ""}}, {"model": "admin.logentry", "pk": 66, "fields": {"action_time": "2021-04-28T11:09:51.865Z", "user": 1, "content_type": 14, "object_id": "124", "object_repr": "Worthington Short-Sleeve Scoopneck T-Shirt - Tall", "action_flag": 3, "change_message": ""}}, {"model": "admin.logentry", "pk": 67, "fields": {"action_time": "2021-04-28T11:09:51.889Z", "user": 1, "content_type": 14, "object_id": "123", "object_repr": "Alfred Dunner Denim Capris", "action_flag": 3, "change_message": ""}}, {"model": "admin.logentry", "pk": 68, "fields": {"action_time": "2021-04-28T11:09:51.913Z", "user": 1, "content_type": 14, "object_id": "122", "object_repr": "St. John's Bay Short-Sleeve V-Neck T-Shirt", "action_flag": 3, "change_message": ""}}, {"model": "admin.logentry", "pk": 69, "fields": {"action_time": "2021-04-28T11:09:51.937Z", "user": 1, "content_type": 14, "object_id": "121", "object_repr": "Xersion Short-Sleeve V-Neck Graphic Tee - Girls 7-16 and Plus", "action_flag": 3, "change_message": ""}}, {"model": "admin.logentry", "pk": 70, "fields": {"action_time": "2021-04-28T11:09:51.960Z", "user": 1, "content_type": 14, "object_id": "120", "object_repr": "Vans Zone Bluts Short-Sleeve T-Shirt", "action_flag": 3, "change_message": ""}}, {"model": "admin.logentry", "pk": 71, "fields": {"action_time": "2021-04-28T11:09:51.984Z", "user": 1, "content_type": 14, "object_id": "119", "object_repr": "Xersion Colorblock Yoga Shorts - Girls 7-16 and Plus", "action_flag": 3, "change_message": ""}}, {"model": "admin.logentry", "pk": 72, "fields": {"action_time": "2021-04-28T11:09:52.007Z", "user": 1, "content_type": 14, "object_id": "118", "object_repr": "Liz Claiborne Long-Sleeve V-Neck Striped Tunic", "action_flag": 3, "change_message": ""}}, {"model": "admin.logentry", "pk": 73, "fields": {"action_time": "2021-04-28T11:09:52.031Z", "user": 1, "content_type": 14, "object_id": "117", "object_repr": "Clarks Lexi Alloy Slide Strap Sandals", "action_flag": 3, "change_message": ""}}, {"model": "admin.logentry", "pk": 74, "fields": {"action_time": "2021-04-28T11:09:52.055Z", "user": 1, "content_type": 14, "object_id": "116", "object_repr": "Nike Dri-FIT Base Layer Tights", "action_flag": 3, "change_message": ""}}, {"model": "admin.logentry", "pk": 75, "fields": {"action_time": "2021-04-28T11:09:52.079Z", "user": 1, "content_type": 14, "object_id": "115", "object_repr": "Liz Claiborne City-Fit Skinny Jeans - Plus", "action_flag": 3, "change_message": ""}}, {"model": "admin.logentry", "pk": 76, "fields": {"action_time": "2021-04-28T11:09:52.103Z", "user": 1, "content_type": 14, "object_id": "114", "object_repr": "Arizona Pocket T-Shirt", "action_flag": 3, "change_message": ""}}, {"model": "admin.logentry", "pk": 77, "fields": {"action_time": "2021-04-28T11:09:52.126Z", "user": 1, "content_type": 14, "object_id": "113", "object_repr": "Arizona Raglan T-Shirt", "action_flag": 3, "change_message": ""}}, {"model": "admin.logentry", "pk": 78, "fields": {"action_time": "2021-04-28T11:09:52.149Z", "user": 1, "content_type": 14, "object_id": "112", "object_repr": "Diamond 24-pc. Bath Towel Set", "action_flag": 3, "change_message": ""}}, {"model": "admin.logentry", "pk": 79, "fields": {"action_time": "2021-04-28T11:09:52.173Z", "user": 1, "content_type": 14, "object_id": "111", "object_repr": "Bob Marely 1976 T-Shirt", "action_flag": 3, "change_message": ""}}, {"model": "admin.logentry", "pk": 80, "fields": {"action_time": "2021-04-28T11:09:52.197Z", "user": 1, "content_type": 14, "object_id": "110", "object_repr": "Brooklyn Xpress Fleece Jogger Pants", "action_flag": 3, "change_message": ""}}, {"model": "admin.logentry", "pk": 81, "fields": {"action_time": "2021-04-28T11:09:52.221Z", "user": 1, "content_type": 14, "object_id": "109", "object_repr": "Arizona Raglan Henley Tee - Boys 8-20", "action_flag": 3, "change_message": ""}}, {"model": "admin.logentry", "pk": 82, "fields": {"action_time": "2021-04-28T11:09:52.245Z", "user": 1, "content_type": 14, "object_id": "108", "object_repr": "Jamaica Bay Printed Micro Volley Swim Trunks", "action_flag": 3, "change_message": ""}}, {"model": "admin.logentry", "pk": 83, "fields": {"action_time": "2021-04-28T11:09:52.268Z", "user": 1, "content_type": 14, "object_id": "107", "object_repr": "Frank and Lulu Layne Sheet Set", "action_flag": 3, "change_message": ""}}, {"model": "admin.logentry", "pk": 84, "fields": {"action_time": "2021-04-28T11:09:52.292Z", "user": 1, "content_type": 14, "object_id": "106", "object_repr": "Frank and Lulu Holland Park Comforter Set", "action_flag": 3, "change_message": ""}}, {"model": "admin.logentry", "pk": 85, "fields": {"action_time": "2021-04-28T11:09:52.326Z", "user": 1, "content_type": 14, "object_id": "105", "object_repr": "Made For Life Polar Fleece Vest", "action_flag": 3, "change_message": ""}}, {"model": "admin.logentry", "pk": 86, "fields": {"action_time": "2021-04-28T11:09:52.350Z", "user": 1, "content_type": 14, "object_id": "104", "object_repr": "Gloria Vanderbilt Amanda Jeans - Plus", "action_flag": 3, "change_message": ""}}, {"model": "admin.logentry", "pk": 87, "fields": {"action_time": "2021-04-28T11:09:52.375Z", "user": 1, "content_type": 14, "object_id": "103", "object_repr": "Stafford Travel Short-Sleeve Easy-Care Broadcloth Dress Shirt - Big & Tall", "action_flag": 3, "change_message": ""}}, {"model": "admin.logentry", "pk": 88, "fields": {"action_time": "2021-04-28T11:09:52.398Z", "user": 1, "content_type": 14, "object_id": "102", "object_repr": "a.n.a Long-Sleeve Colorblock Sweater", "action_flag": 3, "change_message": ""}}, {"model": "admin.logentry", "pk": 89, "fields": {"action_time": "2021-04-28T11:09:52.421Z", "user": 1, "content_type": 14, "object_id": "101", "object_repr": "Stafford Non-Iron Cotton Oxford Dress Shirt - Big & Tall", "action_flag": 3, "change_message": ""}}, {"model": "admin.logentry", "pk": 90, "fields": {"action_time": "2021-04-28T11:09:52.445Z", "user": 1, "content_type": 14, "object_id": "100", "object_repr": "Stylus Crossover Ankle Pants", "action_flag": 3, "change_message": ""}}, {"model": "admin.logentry", "pk": 91, "fields": {"action_time": "2021-04-28T11:09:52.468Z", "user": 1, "content_type": 14, "object_id": "99", "object_repr": "St. John's Bay Short-Sleeve Polo Shirt - Plus", "action_flag": 3, "change_message": ""}}, {"model": "admin.logentry", "pk": 92, "fields": {"action_time": "2021-04-28T11:09:52.491Z", "user": 1, "content_type": 14, "object_id": "98", "object_repr": "Arlee Jada Plaid Set of 4 Placemats", "action_flag": 3, "change_message": ""}}, {"model": "admin.logentry", "pk": 93, "fields": {"action_time": "2021-04-28T11:09:52.515Z", "user": 1, "content_type": 14, "object_id": "97", "object_repr": "Arizona Quilted Sweatshirt - Toddler Girls 2t-5t", "action_flag": 3, "change_message": ""}}, {"model": "admin.logentry", "pk": 94, "fields": {"action_time": "2021-04-28T11:09:52.538Z", "user": 1, "content_type": 14, "object_id": "96", "object_repr": "Bonnie Jean Plaid Dress and Cardigan - Girls Plus", "action_flag": 3, "change_message": ""}}, {"model": "admin.logentry", "pk": 95, "fields": {"action_time": "2021-04-28T11:09:52.561Z", "user": 1, "content_type": 14, "object_id": "95", "object_repr": "Vieste Green Stone Statement Necklace", "action_flag": 3, "change_message": ""}}, {"model": "admin.logentry", "pk": 96, "fields": {"action_time": "2021-04-28T11:09:52.584Z", "user": 1, "content_type": 14, "object_id": "94", "object_repr": "Arizona Flannel Shirt - Preschool Boys 4-7", "action_flag": 3, "change_message": ""}}, {"model": "admin.logentry", "pk": 97, "fields": {"action_time": "2021-04-28T11:09:52.613Z", "user": 1, "content_type": 14, "object_id": "93", "object_repr": "Stafford Flannel Pajama Set - Big & Tall", "action_flag": 3, "change_message": ""}}, {"model": "admin.logentry", "pk": 98, "fields": {"action_time": "2021-04-28T11:09:52.647Z", "user": 1, "content_type": 14, "object_id": "92", "object_repr": "Made For Life Long-Sleeve Flyaway Cardigan", "action_flag": 3, "change_message": ""}}, {"model": "admin.logentry", "pk": 99, "fields": {"action_time": "2021-04-28T11:09:52.672Z", "user": 1, "content_type": 14, "object_id": "91", "object_repr": "Arizona Raglan-Sleeve Thermal Pullover", "action_flag": 3, "change_message": ""}}, {"model": "admin.logentry", "pk": 100, "fields": {"action_time": "2021-04-28T11:09:52.697Z", "user": 1, "content_type": 14, "object_id": "90", "object_repr": "Stafford Travel Brown Check Suit Jacket - Classic Fit", "action_flag": 3, "change_message": ""}}, {"model": "admin.logentry", "pk": 101, "fields": {"action_time": "2021-04-28T11:09:52.721Z", "user": 1, "content_type": 14, "object_id": "89", "object_repr": "Made For Life Mesh Jacket - Plus", "action_flag": 3, "change_message": ""}}, {"model": "admin.logentry", "pk": 102, "fields": {"action_time": "2021-04-28T11:09:52.746Z", "user": 1, "content_type": 14, "object_id": "88", "object_repr": "Lugz Empire Hi Mens Water-Resistant Hiking Boots", "action_flag": 3, "change_message": ""}}, {"model": "admin.logentry", "pk": 103, "fields": {"action_time": "2021-04-28T11:09:52.770Z", "user": 1, "content_type": 14, "object_id": "87", "object_repr": "Xersion Quick-Dri Performance Bootcut Pant - Short", "action_flag": 3, "change_message": ""}}, {"model": "admin.logentry", "pk": 104, "fields": {"action_time": "2021-04-28T11:09:52.795Z", "user": 1, "content_type": 14, "object_id": "86", "object_repr": "Madison Park Lavinia 6-pc. Quilted Coverlet Set", "action_flag": 3, "change_message": ""}}, {"model": "admin.logentry", "pk": 105, "fields": {"action_time": "2021-04-28T11:09:52.820Z", "user": 1, "content_type": 14, "object_id": "85", "object_repr": "Sunbeam Comfy Toes Microplush Heated Throw", "action_flag": 3, "change_message": ""}}, {"model": "admin.logentry", "pk": 106, "fields": {"action_time": "2021-04-28T11:09:52.845Z", "user": 1, "content_type": 14, "object_id": "84", "object_repr": "Dickies Short-Sleeve Performance Polo", "action_flag": 3, "change_message": ""}}, {"model": "admin.logentry", "pk": 107, "fields": {"action_time": "2021-04-28T11:09:52.870Z", "user": 1, "content_type": 14, "object_id": "83", "object_repr": "Disney Collection Frozen Elsa Graphic Tee - Girls 2-12", "action_flag": 3, "change_message": ""}}, {"model": "admin.logentry", "pk": 108, "fields": {"action_time": "2021-04-28T11:09:52.895Z", "user": 1, "content_type": 14, "object_id": "82", "object_repr": "Nike Therma-FIT Pullover Hoodie - Boys 8-20", "action_flag": 3, "change_message": ""}}, {"model": "admin.logentry", "pk": 109, "fields": {"action_time": "2021-04-28T11:09:52.921Z", "user": 1, "content_type": 14, "object_id": "81", "object_repr": "a.n.a Jeggings - Plus", "action_flag": 3, "change_message": ""}}, {"model": "admin.logentry", "pk": 110, "fields": {"action_time": "2021-04-28T11:09:52.946Z", "user": 1, "content_type": 14, "object_id": "80", "object_repr": "Levi's Houlihan Short-Sleeve Logo Tee", "action_flag": 3, "change_message": ""}}, {"model": "admin.logentry", "pk": 111, "fields": {"action_time": "2021-04-28T11:09:52.973Z", "user": 1, "content_type": 14, "object_id": "79", "object_repr": "a.n.a Bootcut Jeans", "action_flag": 3, "change_message": ""}}, {"model": "admin.logentry", "pk": 112, "fields": {"action_time": "2021-04-28T11:09:52.998Z", "user": 1, "content_type": 14, "object_id": "78", "object_repr": "a.n.a Skinny Jeans", "action_flag": 3, "change_message": ""}}, {"model": "admin.logentry", "pk": 113, "fields": {"action_time": "2021-04-28T11:09:53.023Z", "user": 1, "content_type": 14, "object_id": "77", "object_repr": "Worthington 3/4-Sleeve Button-Front Oxford Shirt - Petite", "action_flag": 3, "change_message": ""}}, {"model": "admin.logentry", "pk": 114, "fields": {"action_time": "2021-04-28T11:09:53.048Z", "user": 1, "content_type": 14, "object_id": "76", "object_repr": "Vanilla Star Embellished Skinny Jeans - Girls 7-16 and Plus", "action_flag": 3, "change_message": ""}}, {"model": "admin.logentry", "pk": 115, "fields": {"action_time": "2021-04-28T11:09:53.073Z", "user": 1, "content_type": 14, "object_id": "75", "object_repr": "Arizona Ankle-Zip Jeggings", "action_flag": 3, "change_message": ""}}, {"model": "admin.logentry", "pk": 116, "fields": {"action_time": "2021-04-28T11:09:53.097Z", "user": 1, "content_type": 14, "object_id": "74", "object_repr": "Love Indigo Cross Back Flap Pocket Jeans", "action_flag": 3, "change_message": ""}}, {"model": "admin.logentry", "pk": 117, "fields": {"action_time": "2021-04-28T11:09:53.123Z", "user": 1, "content_type": 14, "object_id": "73", "object_repr": "Love Indigo Embroidered Back Pocket Jeans", "action_flag": 3, "change_message": ""}}, {"model": "admin.logentry", "pk": 118, "fields": {"action_time": "2021-04-28T11:10:21.675Z", "user": 1, "content_type": 14, "object_id": "71", "object_repr": "totes Tracey Womens Cold-Weather Boots", "action_flag": 3, "change_message": ""}}, {"model": "admin.logentry", "pk": 119, "fields": {"action_time": "2021-04-28T11:10:21.703Z", "user": 1, "content_type": 14, "object_id": "70", "object_repr": "Isotonic Iso-Cool Memory Foam Contour Pillow", "action_flag": 3, "change_message": ""}}, {"model": "admin.logentry", "pk": 120, "fields": {"action_time": "2021-04-28T11:10:21.726Z", "user": 1, "content_type": 14, "object_id": "69", "object_repr": "Home Expressions Microfiber Twin XL Sheet Set", "action_flag": 3, "change_message": ""}}, {"model": "admin.logentry", "pk": 121, "fields": {"action_time": "2021-04-28T11:10:21.750Z", "user": 1, "content_type": 14, "object_id": "68", "object_repr": "Arizona Bootcut Jeans", "action_flag": 3, "change_message": ""}}, {"model": "admin.logentry", "pk": 122, "fields": {"action_time": "2021-04-28T11:10:21.774Z", "user": 1, "content_type": 14, "object_id": "67", "object_repr": "Claiborne Long-Sleeve Linen Shirt", "action_flag": 3, "change_message": ""}}, {"model": "admin.logentry", "pk": 123, "fields": {"action_time": "2021-04-28T11:10:21.798Z", "user": 1, "content_type": 14, "object_id": "66", "object_repr": "Nike Air Sickness Graphic Tee", "action_flag": 3, "change_message": ""}}, {"model": "admin.logentry", "pk": 124, "fields": {"action_time": "2021-04-28T11:10:21.822Z", "user": 1, "content_type": 14, "object_id": "65", "object_repr": "Armitron Now Womens Crystal-Accent White Leather Strap Watch", "action_flag": 3, "change_message": ""}}, {"model": "admin.logentry", "pk": 125, "fields": {"action_time": "2021-04-28T11:10:21.845Z", "user": 1, "content_type": 14, "object_id": "64", "object_repr": "Arizona Graphic Tee - Boys 8-20 and Husky", "action_flag": 3, "change_message": ""}}, {"model": "admin.logentry", "pk": 126, "fields": {"action_time": "2021-04-28T11:10:21.869Z", "user": 1, "content_type": 14, "object_id": "63", "object_repr": "Pfaltzgraff Everyday Sandy Shore 16-pc. Dinnerware Set", "action_flag": 3, "change_message": ""}}, {"model": "admin.logentry", "pk": 127, "fields": {"action_time": "2021-04-28T11:10:21.892Z", "user": 1, "content_type": 14, "object_id": "62", "object_repr": "Carter's 4-pc. Take Me Home Set - Baby Boys preemie-6m", "action_flag": 3, "change_message": ""}}, {"model": "admin.logentry", "pk": 128, "fields": {"action_time": "2021-04-28T11:10:21.916Z", "user": 1, "content_type": 14, "object_id": "61", "object_repr": "Eva Longoria Home Solana 4-pc. Comforter Set", "action_flag": 3, "change_message": ""}}, {"model": "admin.logentry", "pk": 129, "fields": {"action_time": "2021-04-28T11:10:21.939Z", "user": 1, "content_type": 14, "object_id": "60", "object_repr": "Wrangler Reserve Authentic Relaxed-Fit Jeans-Big & Tall", "action_flag": 3, "change_message": ""}}, {"model": "admin.logentry", "pk": 130, "fields": {"action_time": "2021-04-28T11:10:21.962Z", "user": 1, "content_type": 14, "object_id": "59", "object_repr": "Keurig K250 2.0 Compact Brewer", "action_flag": 3, "change_message": ""}}, {"model": "admin.logentry", "pk": 131, "fields": {"action_time": "2021-04-28T11:10:21.986Z", "user": 1, "content_type": 14, "object_id": "58", "object_repr": "Madison Park Essentials Concord Reversible Complete Bedding Set with Sheets", "action_flag": 3, "change_message": ""}}, {"model": "admin.logentry", "pk": 132, "fields": {"action_time": "2021-04-28T11:10:22.010Z", "user": 1, "content_type": 14, "object_id": "57", "object_repr": "Worthington Sateen Cropped Pants - Petite", "action_flag": 3, "change_message": ""}}, {"model": "admin.logentry", "pk": 133, "fields": {"action_time": "2021-04-28T11:10:22.033Z", "user": 1, "content_type": 14, "object_id": "56", "object_repr": "Stylus Slim Straight-Leg Jeans - Plus", "action_flag": 3, "change_message": ""}}, {"model": "admin.logentry", "pk": 134, "fields": {"action_time": "2021-04-28T11:10:22.058Z", "user": 1, "content_type": 14, "object_id": "55", "object_repr": "adidas climacool Boxer Briefs", "action_flag": 3, "change_message": ""}}, {"model": "admin.logentry", "pk": 135, "fields": {"action_time": "2021-04-28T11:10:22.082Z", "user": 1, "content_type": 14, "object_id": "54", "object_repr": "adidas Adilogo Shock Energy Tee", "action_flag": 3, "change_message": ""}}, {"model": "admin.logentry", "pk": 136, "fields": {"action_time": "2021-04-28T11:10:22.107Z", "user": 1, "content_type": 14, "object_id": "53", "object_repr": "Claiborne Short-Sleeve Woven Shirt", "action_flag": 3, "change_message": ""}}, {"model": "admin.logentry", "pk": 137, "fields": {"action_time": "2021-04-28T11:10:22.131Z", "user": 1, "content_type": 14, "object_id": "52", "object_repr": "Philips Airfryer Grill Pan", "action_flag": 3, "change_message": ""}}, {"model": "admin.logentry", "pk": 138, "fields": {"action_time": "2021-04-28T11:10:22.155Z", "user": 1, "content_type": 14, "object_id": "51", "object_repr": "Stylus Short-Sleeve V-Neck Slub Tee - Plus", "action_flag": 3, "change_message": ""}}, {"model": "admin.logentry", "pk": 139, "fields": {"action_time": "2021-04-28T11:10:22.179Z", "user": 1, "content_type": 14, "object_id": "50", "object_repr": "Dockers Long-Sleeve No-Wrinkle Woven Shirt", "action_flag": 3, "change_message": ""}}, {"model": "admin.logentry", "pk": 140, "fields": {"action_time": "2021-04-28T11:10:22.203Z", "user": 1, "content_type": 14, "object_id": "49", "object_repr": "Disney Cars McQueen Pillow Buddy", "action_flag": 3, "change_message": ""}}, {"model": "admin.logentry", "pk": 141, "fields": {"action_time": "2021-04-28T11:10:22.226Z", "user": 1, "content_type": 14, "object_id": "48", "object_repr": "Jacques Mort 2-pk. Short-Sleeve Leotard - Girls", "action_flag": 3, "change_message": ""}}, {"model": "admin.logentry", "pk": 142, "fields": {"action_time": "2021-04-28T11:10:22.249Z", "user": 1, "content_type": 14, "object_id": "47", "object_repr": "Konitz Dots and Stripes Set of 2 Bone China Mugs", "action_flag": 3, "change_message": ""}}, {"model": "admin.logentry", "pk": 143, "fields": {"action_time": "2021-04-28T11:10:22.273Z", "user": 1, "content_type": 14, "object_id": "46", "object_repr": "Cottonloft Natural Cotton Blanket", "action_flag": 3, "change_message": ""}}, {"model": "admin.logentry", "pk": 144, "fields": {"action_time": "2021-04-28T11:10:22.297Z", "user": 1, "content_type": 14, "object_id": "45", "object_repr": "JCPenney Home Ultra Soft Micro Fleece Blanket", "action_flag": 3, "change_message": ""}}, {"model": "admin.logentry", "pk": 145, "fields": {"action_time": "2021-04-28T11:10:22.332Z", "user": 1, "content_type": 14, "object_id": "44", "object_repr": "The Foundry Supply Co. Quick-Dri PoloBig & Tall", "action_flag": 3, "change_message": ""}}, {"model": "admin.logentry", "pk": 146, "fields": {"action_time": "2021-04-28T11:10:22.356Z", "user": 1, "content_type": 14, "object_id": "43", "object_repr": "Cuisinart Round Classic Waffle Maker", "action_flag": 3, "change_message": ""}}, {"model": "admin.logentry", "pk": 147, "fields": {"action_time": "2021-04-28T11:10:22.380Z", "user": 1, "content_type": 14, "object_id": "42", "object_repr": "Corelle Livingware 16-pc. Dinnerware Set", "action_flag": 3, "change_message": ""}}, {"model": "admin.logentry", "pk": 148, "fields": {"action_time": "2021-04-28T11:10:22.403Z", "user": 1, "content_type": 14, "object_id": "41", "object_repr": "Cake Boss Set of 2 Silicone Baking Mats", "action_flag": 3, "change_message": ""}}, {"model": "admin.logentry", "pk": 149, "fields": {"action_time": "2021-04-28T11:10:22.427Z", "user": 1, "content_type": 14, "object_id": "40", "object_repr": "Cake Boss Powdered Sugar Shaker with Lid", "action_flag": 3, "change_message": ""}}, {"model": "admin.logentry", "pk": 150, "fields": {"action_time": "2021-04-28T11:10:22.450Z", "user": 1, "content_type": 14, "object_id": "39", "object_repr": "Home Expressions Microfiber Twin XL Sheet Set", "action_flag": 3, "change_message": ""}}, {"model": "admin.logentry", "pk": 151, "fields": {"action_time": "2021-04-28T11:10:22.474Z", "user": 1, "content_type": 14, "object_id": "38", "object_repr": "Levinsohn Master Block All-In-One Mattress Protector", "action_flag": 3, "change_message": ""}}, {"model": "admin.logentry", "pk": 152, "fields": {"action_time": "2021-04-28T11:10:22.498Z", "user": 1, "content_type": 14, "object_id": "37", "object_repr": "Royal Velvet Egyptian Cotton Solid Bath Towels", "action_flag": 3, "change_message": ""}}, {"model": "admin.logentry", "pk": 153, "fields": {"action_time": "2021-04-28T11:10:22.522Z", "user": 1, "content_type": 14, "object_id": "36", "object_repr": "Nike 3-pk. Dri-FIT Fly Rise Crew Socks", "action_flag": 3, "change_message": ""}}, {"model": "admin.logentry", "pk": 154, "fields": {"action_time": "2021-04-28T11:10:22.546Z", "user": 1, "content_type": 14, "object_id": "35", "object_repr": "Arizona Super-Skinny Jeans", "action_flag": 3, "change_message": ""}}, {"model": "admin.logentry", "pk": 155, "fields": {"action_time": "2021-04-28T11:10:22.569Z", "user": 1, "content_type": 14, "object_id": "34", "object_repr": "Stafford Year-Round Pleated PantsBig & Tall", "action_flag": 3, "change_message": ""}}, {"model": "admin.logentry", "pk": 156, "fields": {"action_time": "2021-04-28T11:10:22.592Z", "user": 1, "content_type": 14, "object_id": "33", "object_repr": "Liz Claiborne 300tc Liquid Cotton Set of 2 Pillowcases", "action_flag": 3, "change_message": ""}}, {"model": "admin.logentry", "pk": 157, "fields": {"action_time": "2021-04-28T11:10:22.616Z", "user": 1, "content_type": 14, "object_id": "32", "object_repr": "Nike NA Swoosh Dri-FIT Cotton Tee", "action_flag": 3, "change_message": ""}}, {"model": "admin.logentry", "pk": 158, "fields": {"action_time": "2021-04-28T11:10:22.639Z", "user": 1, "content_type": 14, "object_id": "31", "object_repr": "Armitron Now Womens Crystal-Accent White Leather Strap Watch", "action_flag": 3, "change_message": ""}}, {"model": "admin.logentry", "pk": 159, "fields": {"action_time": "2021-04-28T11:10:22.663Z", "user": 1, "content_type": 14, "object_id": "30", "object_repr": "Home Expressions Jacobean Stripe Oblong Decorative Pillow", "action_flag": 3, "change_message": ""}}, {"model": "admin.logentry", "pk": 160, "fields": {"action_time": "2021-04-28T11:10:22.686Z", "user": 1, "content_type": 14, "object_id": "29", "object_repr": "Chenille Lines Bath Rug Collection", "action_flag": 3, "change_message": ""}}, {"model": "admin.logentry", "pk": 161, "fields": {"action_time": "2021-04-28T11:10:22.709Z", "user": 1, "content_type": 14, "object_id": "28", "object_repr": "Hanes 3pk. Cotton Crewneck TShirts  Big & Tall", "action_flag": 3, "change_message": ""}}, {"model": "admin.logentry", "pk": 162, "fields": {"action_time": "2021-04-28T11:10:22.733Z", "user": 1, "content_type": 14, "object_id": "27", "object_repr": "Rachael Ray Porcelain II 10-pc. Cookware Set", "action_flag": 3, "change_message": ""}}, {"model": "admin.logentry", "pk": 163, "fields": {"action_time": "2021-04-28T11:10:22.757Z", "user": 1, "content_type": 14, "object_id": "26", "object_repr": "JCPenney Home Ashley Scalloped Stoneware 50-pc. Dinnerware Set - Service for 8", "action_flag": 3, "change_message": ""}}, {"model": "admin.logentry", "pk": 164, "fields": {"action_time": "2021-04-28T11:10:22.781Z", "user": 1, "content_type": 14, "object_id": "25", "object_repr": "Dickies Heavyweight Fleece Full Zip HoodieBig & Tall", "action_flag": 3, "change_message": ""}}, {"model": "admin.logentry", "pk": 165, "fields": {"action_time": "2021-04-28T11:10:22.804Z", "user": 1, "content_type": 14, "object_id": "24", "object_repr": "Royal Velvet Down Chamber Pillow", "action_flag": 3, "change_message": ""}}, {"model": "admin.logentry", "pk": 166, "fields": {"action_time": "2021-04-28T11:10:22.828Z", "user": 1, "content_type": 14, "object_id": "23", "object_repr": "Dickies Heavyweight Long-Sleeve Pocket Tee", "action_flag": 3, "change_message": ""}}, {"model": "admin.logentry", "pk": 167, "fields": {"action_time": "2021-04-28T11:10:22.852Z", "user": 1, "content_type": 14, "object_id": "22", "object_repr": "Silver Superman Shield Cufflinks", "action_flag": 3, "change_message": ""}}, {"model": "admin.logentry", "pk": 168, "fields": {"action_time": "2021-04-28T11:10:22.876Z", "user": 1, "content_type": 14, "object_id": "21", "object_repr": "Farberware Sonoma 2-qt. Whistling Tea Kettle", "action_flag": 3, "change_message": ""}}, {"model": "admin.logentry", "pk": 169, "fields": {"action_time": "2021-04-28T11:10:22.900Z", "user": 1, "content_type": 14, "object_id": "20", "object_repr": "JCPenney Home Oven Mitt", "action_flag": 3, "change_message": ""}}, {"model": "admin.logentry", "pk": 170, "fields": {"action_time": "2021-04-28T11:10:22.924Z", "user": 1, "content_type": 14, "object_id": "19", "object_repr": "Marvel Spiderman Pillow Buddy", "action_flag": 3, "change_message": ""}}, {"model": "admin.logentry", "pk": 171, "fields": {"action_time": "2021-04-28T11:10:22.948Z", "user": 1, "content_type": 14, "object_id": "18", "object_repr": "Marvel Comics Avengers Hulk Pillow Buddy", "action_flag": 3, "change_message": ""}}, {"model": "admin.logentry", "pk": 172, "fields": {"action_time": "2021-04-28T11:10:22.971Z", "user": 1, "content_type": 14, "object_id": "17", "object_repr": "Worthington Essential Short-Sleeve Tee - Plus", "action_flag": 3, "change_message": ""}}, {"model": "admin.logentry", "pk": 173, "fields": {"action_time": "2021-04-28T11:10:22.994Z", "user": 1, "content_type": 14, "object_id": "16", "object_repr": "Levi's 529 Curvy Bootcut Jeans", "action_flag": 3, "change_message": ""}}, {"model": "admin.logentry", "pk": 174, "fields": {"action_time": "2021-04-28T11:10:23.017Z", "user": 1, "content_type": 14, "object_id": "15", "object_repr": "Stafford 4-pk. Heavyweight Crewneck T-ShirtsBig & Tall", "action_flag": 3, "change_message": ""}}, {"model": "admin.logentry", "pk": 175, "fields": {"action_time": "2021-04-28T11:10:23.040Z", "user": 1, "content_type": 14, "object_id": "14", "object_repr": "Stafford 4-pk. Blended Cotton A-Shirts", "action_flag": 3, "change_message": ""}}, {"model": "admin.logentry", "pk": 176, "fields": {"action_time": "2021-04-28T11:10:23.064Z", "user": 1, "content_type": 14, "object_id": "13", "object_repr": "Champion Jersey Tee", "action_flag": 3, "change_message": ""}}, {"model": "admin.logentry", "pk": 177, "fields": {"action_time": "2021-04-28T11:10:23.087Z", "user": 1, "content_type": 14, "object_id": "12", "object_repr": "Nike 3-pk. Performance Crew Socks - Boys", "action_flag": 3, "change_message": ""}}, {"model": "admin.logentry", "pk": 178, "fields": {"action_time": "2021-04-28T11:10:23.109Z", "user": 1, "content_type": 14, "object_id": "11", "object_repr": "Chef Designs Black-Trimmed Cook ShirtBig & Tall", "action_flag": 3, "change_message": ""}}, {"model": "admin.logentry", "pk": 179, "fields": {"action_time": "2021-04-28T11:10:23.133Z", "user": 1, "content_type": 14, "object_id": "10", "object_repr": "Reflections Set of 4 Microfiber Napkins", "action_flag": 3, "change_message": ""}}, {"model": "admin.logentry", "pk": 180, "fields": {"action_time": "2021-04-28T11:10:23.156Z", "user": 1, "content_type": 14, "object_id": "9", "object_repr": "Protech Performance Sheet Set", "action_flag": 3, "change_message": ""}}, {"model": "admin.logentry", "pk": 181, "fields": {"action_time": "2021-04-28T11:10:23.202Z", "user": 1, "content_type": 14, "object_id": "8", "object_repr": "Rachael Ray Ceramic Olive Oil Dispenser", "action_flag": 3, "change_message": ""}}, {"model": "admin.logentry", "pk": 182, "fields": {"action_time": "2021-04-28T11:10:23.225Z", "user": 1, "content_type": 14, "object_id": "7", "object_repr": "Liz Claiborne Classic Sophie Secretly Slender Trouser Leg Pants - Plus", "action_flag": 3, "change_message": ""}}, {"model": "admin.logentry", "pk": 183, "fields": {"action_time": "2021-04-28T11:10:23.249Z", "user": 1, "content_type": 14, "object_id": "6", "object_repr": "The Foundry Supply Co. Solid Pocket TeeBig & Tall", "action_flag": 3, "change_message": ""}}, {"model": "admin.logentry", "pk": 184, "fields": {"action_time": "2021-04-28T11:10:23.272Z", "user": 1, "content_type": 14, "object_id": "5", "object_repr": "Simply Calphalon Enameled Cast Iron Panini Pan", "action_flag": 3, "change_message": ""}}, {"model": "admin.logentry", "pk": 185, "fields": {"action_time": "2021-04-28T11:10:23.296Z", "user": 1, "content_type": 14, "object_id": "4", "object_repr": "Gibson Infinite Glaze 16-pc. Dinnerware Set", "action_flag": 3, "change_message": ""}}, {"model": "admin.logentry", "pk": 186, "fields": {"action_time": "2021-04-28T11:10:23.319Z", "user": 1, "content_type": 14, "object_id": "3", "object_repr": "Royal Velvet Matte Satin Square 3-pc. Coverlet Set", "action_flag": 3, "change_message": ""}}, {"model": "admin.logentry", "pk": 187, "fields": {"action_time": "2021-04-28T11:10:23.348Z", "user": 1, "content_type": 14, "object_id": "2", "object_repr": "Liz Claiborne Audra Classic Fit Straight Leg Pants", "action_flag": 3, "change_message": ""}}, {"model": "admin.logentry", "pk": 188, "fields": {"action_time": "2021-04-28T11:10:23.375Z", "user": 1, "content_type": 14, "object_id": "1", "object_repr": "Arizona Original Bootcut Jeans", "action_flag": 3, "change_message": ""}}, {"model": "admin.logentry", "pk": 189, "fields": {"action_time": "2021-04-28T11:11:04.102Z", "user": 1, "content_type": 14, "object_id": "72", "object_repr": "Love Indigo Wing Back Flap Pocket Jeans", "action_flag": 3, "change_message": ""}}, {"model": "admin.logentry", "pk": 190, "fields": {"action_time": "2021-04-28T11:33:56.466Z", "user": 1, "content_type": 16, "object_id": "1", "object_repr": "Vegan Vigour", "action_flag": 2, "change_message": "[{\"changed\": {\"fields\": [\"Name\", \"Image url\", \"Image\"]}}]"}}, {"model": "admin.logentry", "pk": 191, "fields": {"action_time": "2021-04-28T12:26:19.353Z", "user": 1, "content_type": 16, "object_id": "2", "object_repr": "Couch to 5K", "action_flag": 1, "change_message": "[{\"added\": {}}]"}}, {"model": "admin.logentry", "pk": 192, "fields": {"action_time": "2021-04-28T12:32:41.137Z", "user": 1, "content_type": 16, "object_id": "2", "object_repr": "Couch to 5K", "action_flag": 2, "change_message": "[{\"changed\": {\"fields\": [\"Image url\", \"Image\"]}}]"}}, {"model": "admin.logentry", "pk": 193, "fields": {"action_time": "2021-04-28T13:27:32.395Z", "user": 1, "content_type": 16, "object_id": "3", "object_repr": "Pwdr Workout Club", "action_flag": 1, "change_message": "[{\"added\": {}}]"}}, {"model": "admin.logentry", "pk": 194, "fields": {"action_time": "2021-04-28T13:28:54.926Z", "user": 1, "content_type": 16, "object_id": "3", "object_repr": "Pwdr Workout Club", "action_flag": 2, "change_message": "[{\"changed\": {\"fields\": [\"Image url\", \"Image\"]}}]"}}, {"model": "admin.logentry", "pk": 195, "fields": {"action_time": "2021-04-28T13:31:55.980Z", "user": 1, "content_type": 16, "object_id": "1", "object_repr": "Vegan Vigour", "action_flag": 2, "change_message": "[{\"changed\": {\"fields\": [\"Image url\", \"Image\"]}}]"}}, {"model": "admin.logentry", "pk": 196, "fields": {"action_time": "2021-04-28T13:33:11.250Z", "user": 1, "content_type": 16, "object_id": "2", "object_repr": "Couch to 5K", "action_flag": 2, "change_message": "[{\"changed\": {\"fields\": [\"Image url\", \"Image\"]}}]"}}, {"model": "admin.logentry", "pk": 197, "fields": {"action_time": "2021-04-28T13:57:23.097Z", "user": 1, "content_type": 13, "object_id": "13", "object_repr": "programmes", "action_flag": 2, "change_message": "[]"}}, {"model": "admin.logentry", "pk": 198, "fields": {"action_time": "2021-04-28T13:59:30.602Z", "user": 1, "content_type": 13, "object_id": "7", "object_repr": "kitchen_dining", "action_flag": 3, "change_message": ""}}, {"model": "admin.logentry", "pk": 199, "fields": {"action_time": "2021-04-28T13:59:30.634Z", "user": 1, "content_type": 13, "object_id": "6", "object_repr": "jeans", "action_flag": 3, "change_message": ""}}, {"model": "admin.logentry", "pk": 200, "fields": {"action_time": "2021-04-28T13:59:30.661Z", "user": 1, "content_type": 13, "object_id": "5", "object_repr": "essentials", "action_flag": 3, "change_message": ""}}, {"model": "admin.logentry", "pk": 201, "fields": {"action_time": "2021-04-28T13:59:30.687Z", "user": 1, "content_type": 13, "object_id": "4", "object_repr": "deals", "action_flag": 3, "change_message": ""}}, {"model": "admin.logentry", "pk": 202, "fields": {"action_time": "2021-04-28T13:59:30.712Z", "user": 1, "content_type": 13, "object_id": "3", "object_repr": "clearance", "action_flag": 3, "change_message": ""}}, {"model": "admin.logentry", "pk": 203, "fields": {"action_time": "2021-04-28T13:59:30.736Z", "user": 1, "content_type": 13, "object_id": "2", "object_repr": "bed_bath", "action_flag": 3, "change_message": ""}}, {"model": "admin.logentry", "pk": 204, "fields": {"action_time": "2021-04-28T13:59:30.760Z", "user": 1, "content_type": 13, "object_id": "1", "object_repr": "activewear", "action_flag": 3, "change_message": ""}}, {"model": "admin.logentry", "pk": 205, "fields": {"action_time": "2021-04-28T14:16:16.203Z", "user": 1, "content_type": 14, "object_id": "175", "object_repr": "Pwdr Berry Bar", "action_flag": 1, "change_message": "[{\"added\": {}}]"}}, {"model": "admin.logentry", "pk": 206, "fields": {"action_time": "2021-04-28T14:18:00.167Z", "user": 1, "content_type": 14, "object_id": "176", "object_repr": "Pwdr Choco Bar", "action_flag": 1, "change_message": "[{\"added\": {}}]"}}, {"model": "admin.logentry", "pk": 207, "fields": {"action_time": "2021-04-28T14:19:33.158Z", "user": 1, "content_type": 14, "object_id": "177", "object_repr": "Pwdr Vanilla Bar", "action_flag": 1, "change_message": "[{\"added\": {}}]"}}, {"model": "admin.logentry", "pk": 208, "fields": {"action_time": "2021-04-28T15:06:58.654Z", "user": 1, "content_type": 14, "object_id": "178", "object_repr": "Pwdr Strawberry", "action_flag": 1, "change_message": "[{\"added\": {}}]"}}, {"model": "admin.logentry", "pk": 209, "fields": {"action_time": "2021-04-28T15:07:48.583Z", "user": 1, "content_type": 14, "object_id": "178", "object_repr": "Pwdr Strawberry", "action_flag": 2, "change_message": "[{\"changed\": {\"fields\": [\"Image\"]}}]"}}, {"model": "admin.logentry", "pk": 210, "fields": {"action_time": "2021-04-28T15:21:19.877Z", "user": 1, "content_type": 14, "object_id": "179", "object_repr": "Pwdr Blueberry", "action_flag": 1, "change_message": "[{\"added\": {}}]"}}, {"model": "admin.logentry", "pk": 211, "fields": {"action_time": "2021-04-28T15:46:21.037Z", "user": 1, "content_type": 14, "object_id": "180", "object_repr": "Pwdr Workout Club Tee", "action_flag": 1, "change_message": "[{\"added\": {}}]"}}, {"model": "admin.logentry", "pk": 212, "fields": {"action_time": "2021-04-28T15:47:42.633Z", "user": 1, "content_type": 14, "object_id": "180", "object_repr": "Pwdr Workout Club Tee", "action_flag": 2, "change_message": "[{\"changed\": {\"fields\": [\"Image url\"]}}]"}}, {"model": "admin.logentry", "pk": 213, "fields": {"action_time": "2021-04-28T15:52:24.876Z", "user": 1, "content_type": 14, "object_id": "181", "object_repr": "Pwdr Workout Club Tank", "action_flag": 1, "change_message": "[{\"added\": {}}]"}}, {"model": "admin.logentry", "pk": 214, "fields": {"action_time": "2021-04-28T15:54:50.248Z", "user": 1, "content_type": 14, "object_id": "182", "object_repr": "Pwdr Logo Tee", "action_flag": 1, "change_message": "[{\"added\": {}}]"}}, {"model": "admin.logentry", "pk": 215, "fields": {"action_time": "2021-04-28T15:55:28.620Z", "user": 1, "content_type": 14, "object_id": "182", "object_repr": "Pwdr Logo Tee", "action_flag": 2, "change_message": "[{\"changed\": {\"fields\": [\"Image\"]}}]"}}, {"model": "admin.logentry", "pk": 216, "fields": {"action_time": "2021-04-28T16:04:17.554Z", "user": 1, "content_type": 14, "object_id": "183", "object_repr": "Pwdr Lucha Tank", "action_flag": 1, "change_message": "[{\"added\": {}}]"}}, {"model": "admin.logentry", "pk": 217, "fields": {"action_time": "2021-04-28T16:06:39.430Z", "user": 1, "content_type": 14, "object_id": "172", "object_repr": "Stylus Flare Jeans", "action_flag": 3, "change_message": ""}}, {"model": "admin.logentry", "pk": 218, "fields": {"action_time": "2021-04-28T16:06:39.447Z", "user": 1, "content_type": 14, "object_id": "171", "object_repr": "by&by Spaghetti Strap Crochet Inset Waist Dress", "action_flag": 3, "change_message": ""}}, {"model": "admin.logentry", "pk": 219, "fields": {"action_time": "2021-04-28T16:06:39.464Z", "user": 1, "content_type": 14, "object_id": "170", "object_repr": "City Triangles Sleeveless Lace Top Printed Short Belted Romper", "action_flag": 3, "change_message": ""}}, {"model": "admin.logentry", "pk": 220, "fields": {"action_time": "2021-04-28T16:06:39.479Z", "user": 1, "content_type": 14, "object_id": "169", "object_repr": "MaryJane's Home Cotton Clouds Square Decorative Pillow", "action_flag": 3, "change_message": ""}}, {"model": "admin.logentry", "pk": 221, "fields": {"action_time": "2021-04-28T16:06:39.496Z", "user": 1, "content_type": 14, "object_id": "168", "object_repr": "Danny & Nicole Sleeveless Printed Fit-and-Flare Dress - Plus", "action_flag": 3, "change_message": ""}}, {"model": "admin.logentry", "pk": 222, "fields": {"action_time": "2021-04-28T16:06:39.514Z", "user": 1, "content_type": 14, "object_id": "167", "object_repr": "Studio 1 Sleeveless Embellished-Neck Handkerchief Dress - Plus", "action_flag": 3, "change_message": ""}}, {"model": "admin.logentry", "pk": 223, "fields": {"action_time": "2021-04-28T16:06:39.531Z", "user": 1, "content_type": 14, "object_id": "166", "object_repr": "Steve Harvey Linen Blend Vest - Big & Tall", "action_flag": 3, "change_message": ""}}, {"model": "admin.logentry", "pk": 224, "fields": {"action_time": "2021-04-28T16:08:11.913Z", "user": 1, "content_type": 14, "object_id": "183", "object_repr": "Pwdr Lucha Tank", "action_flag": 2, "change_message": "[{\"changed\": {\"fields\": [\"Category\"]}}]"}}, {"model": "admin.logentry", "pk": 225, "fields": {"action_time": "2021-04-28T16:09:01.830Z", "user": 1, "content_type": 14, "object_id": "173", "object_repr": "Pwdr Sport Strawberry", "action_flag": 2, "change_message": "[{\"changed\": {\"fields\": [\"Category\"]}}]"}}, {"model": "admin.logentry", "pk": 226, "fields": {"action_time": "2021-04-28T16:09:13.294Z", "user": 1, "content_type": 14, "object_id": "174", "object_repr": "Pwdr Sport Chocolate", "action_flag": 2, "change_message": "[{\"changed\": {\"fields\": [\"Category\"]}}]"}}, {"model": "admin.logentry", "pk": 227, "fields": {"action_time": "2021-04-29T10:42:13.696Z", "user": 1, "content_type": 14, "object_id": "175", "object_repr": "Pwdr Berry Bar", "action_flag": 2, "change_message": "[]"}}, {"model": "admin.logentry", "pk": 228, "fields": {"action_time": "2021-04-29T11:04:26.774Z", "user": 1, "content_type": 15, "object_id": "3", "object_repr": "pwdr-workout-club", "action_flag": 2, "change_message": "[{\"changed\": {\"fields\": [\"Name\"]}}]"}}, {"model": "admin.logentry", "pk": 229, "fields": {"action_time": "2021-04-29T11:04:46.538Z", "user": 1, "content_type": 15, "object_id": "2", "object_repr": "couch-to-5k", "action_flag": 2, "change_message": "[{\"changed\": {\"fields\": [\"Name\"]}}]"}}, {"model": "admin.logentry", "pk": 230, "fields": {"action_time": "2021-04-29T11:04:55.437Z", "user": 1, "content_type": 15, "object_id": "1", "object_repr": "vegan-vigour", "action_flag": 2, "change_message": "[{\"changed\": {\"fields\": [\"Name\"]}}]"}}, {"model": "admin.logentry", "pk": 231, "fields": {"action_time": "2021-04-29T11:10:32.060Z", "user": 1, "content_type": 15, "object_id": "3", "object_repr": "workout-club", "action_flag": 2, "change_message": "[{\"changed\": {\"fields\": [\"Name\"]}}]"}}, {"model": "admin.logentry", "pk": 232, "fields": {"action_time": "2021-04-30T16:34:49.643Z", "user": 1, "content_type": 14, "object_id": "184", "object_repr": "Pwdr Summer Fruit", "action_flag": 1, "change_message": "[{\"added\": {}}]"}}, {"model": "admin.logentry", "pk": 233, "fields": {"action_time": "2021-04-30T17:29:40.619Z", "user": 1, "content_type": 16, "object_id": "4", "object_repr": "Vegan Vigour: Quad Blast", "action_flag": 1, "change_message": "[{\"added\": {}}]"}}, {"model": "admin.logentry", "pk": 234, "fields": {"action_time": "2021-04-30T17:30:36.987Z", "user": 1, "content_type": 16, "object_id": "1", "object_repr": "Vegan Vigour: Loco Lifts", "action_flag": 2, "change_message": "[{\"changed\": {\"fields\": [\"Name\"]}}]"}}, {"model": "admin.logentry", "pk": 235, "fields": {"action_time": "2021-04-30T17:33:41.631Z", "user": 1, "content_type": 16, "object_id": "1", "object_repr": "Vegan Vigour: Loco Lifts", "action_flag": 2, "change_message": "[{\"changed\": {\"fields\": [\"Image\"]}}]"}}, {"model": "admin.logentry", "pk": 236, "fields": {"action_time": "2021-04-30T17:38:28.275Z", "user": 1, "content_type": 16, "object_id": "5", "object_repr": "Vegan Vigour", "action_flag": 1, "change_message": "[{\"added\": {}}]"}}, {"model": "admin.logentry", "pk": 237, "fields": {"action_time": "2021-04-30T17:38:40.383Z", "user": 1, "content_type": 16, "object_id": "4", "object_repr": "Vegan Vigour: Quad Blast", "action_flag": 2, "change_message": "[{\"changed\": {\"fields\": [\"Price\"]}}]"}}, {"model": "admin.logentry", "pk": 238, "fields": {"action_time": "2021-04-30T17:38:54.170Z", "user": 1, "content_type": 16, "object_id": "1", "object_repr": "Vegan Vigour: Loco Lifts", "action_flag": 2, "change_message": "[{\"changed\": {\"fields\": [\"Price\"]}}]"}}, {"model": "admin.logentry", "pk": 239, "fields": {"action_time": "2021-04-30T17:47:44.352Z", "user": 1, "content_type": 16, "object_id": "5", "object_repr": "Vegan Vigour Complete", "action_flag": 2, "change_message": "[{\"changed\": {\"fields\": [\"Name\"]}}]"}}, {"model": "admin.logentry", "pk": 240, "fields": {"action_time": "2021-04-30T17:47:59.014Z", "user": 1, "content_type": 16, "object_id": "4", "object_repr": "Vegan Vigour: Quad Blast", "action_flag": 2, "change_message": "[{\"changed\": {\"fields\": [\"Price\"]}}]"}}, {"model": "admin.logentry", "pk": 241, "fields": {"action_time": "2021-04-30T17:48:13.058Z", "user": 1, "content_type": 16, "object_id": "1", "object_repr": "Vegan Vigour: Loco Lifts", "action_flag": 2, "change_message": "[{\"changed\": {\"fields\": [\"Price\"]}}]"}}, {"model": "admin.logentry", "pk": 242, "fields": {"action_time": "2021-04-30T17:49:23.556Z", "user": 1, "content_type": 16, "object_id": "6", "object_repr": "Couch to 5K:  Super Stretches", "action_flag": 1, "change_message": "[{\"added\": {}}]"}}, {"model": "admin.logentry", "pk": 243, "fields": {"action_time": "2021-04-30T17:50:25.041Z", "user": 1, "content_type": 16, "object_id": "7", "object_repr": "Couch to 5K: Stamina Builder", "action_flag": 1, "change_message": "[{\"added\": {}}]"}}, {"model": "admin.logentry", "pk": 244, "fields": {"action_time": "2021-04-30T17:50:42.931Z", "user": 1, "content_type": 16, "object_id": "2", "object_repr": "Couch to 5K Complete", "action_flag": 2, "change_message": "[{\"changed\": {\"fields\": [\"Name\"]}}]"}}, {"model": "admin.logentry", "pk": 245, "fields": {"action_time": "2021-04-30T17:51:25.056Z", "user": 1, "content_type": 16, "object_id": "6", "object_repr": "Couch to 5K:  Super Stretches", "action_flag": 2, "change_message": "[{\"changed\": {\"fields\": [\"Category\"]}}]"}}, {"model": "admin.logentry", "pk": 246, "fields": {"action_time": "2021-05-01T11:21:30.591Z", "user": 1, "content_type": 16, "object_id": "3", "object_repr": "Pwdr Workout Club Complete", "action_flag": 2, "change_message": "[{\"changed\": {\"fields\": [\"Name\"]}}]"}}, {"model": "admin.logentry", "pk": 247, "fields": {"action_time": "2021-05-01T11:26:56.205Z", "user": 1, "content_type": 16, "object_id": "8", "object_repr": "Couch to 5K: Go The Distance", "action_flag": 1, "change_message": "[{\"added\": {}}]"}}, {"model": "admin.logentry", "pk": 248, "fields": {"action_time": "2021-05-01T11:33:01.121Z", "user": 1, "content_type": 16, "object_id": "4", "object_repr": "Vegan Vigour: Quad Blast", "action_flag": 2, "change_message": "[{\"changed\": {\"fields\": [\"Image url\", \"Image\"]}}]"}}, {"model": "admin.logentry", "pk": 249, "fields": {"action_time": "2021-05-01T11:41:22.479Z", "user": 1, "content_type": 16, "object_id": "9", "object_repr": "Vegan Vigour: Green Gains", "action_flag": 1, "change_message": "[{\"added\": {}}]"}}, {"model": "admin.logentry", "pk": 250, "fields": {"action_time": "2021-05-01T11:49:03.072Z", "user": 1, "content_type": 16, "object_id": "10", "object_repr": "Pwdr Workout Club:", "action_flag": 1, "change_message": "[{\"added\": {}}]"}}, {"model": "admin.logentry", "pk": 251, "fields": {"action_time": "2021-05-01T11:49:19.693Z", "user": 1, "content_type": 16, "object_id": "10", "object_repr": "Pwdr Workout Club: Yoga Core Crunch", "action_flag": 2, "change_message": "[{\"changed\": {\"fields\": [\"Name\"]}}]"}}, {"model": "admin.logentry", "pk": 252, "fields": {"action_time": "2021-05-01T11:55:56.187Z", "user": 1, "content_type": 16, "object_id": "11", "object_repr": "Pwdr Workout Club: Better Balance", "action_flag": 1, "change_message": "[{\"added\": {}}]"}}, {"model": "admin.logentry", "pk": 253, "fields": {"action_time": "2021-05-01T12:01:43.843Z", "user": 1, "content_type": 16, "object_id": "12", "object_repr": "Pwdr Workout Club: Punches Pilate", "action_flag": 1, "change_message": "[{\"added\": {}}]"}}, {"model": "admin.logentry", "pk": 254, "fields": {"action_time": "2021-05-01T12:06:21.827Z", "user": 1, "content_type": 16, "object_id": "12", "object_repr": "Pwdr Workout Club: Punches Pilate", "action_flag": 2, "change_message": "[{\"changed\": {\"fields\": [\"Image url\"]}}]"}}, {"model": "admin.logentry", "pk": 255, "fields": {"action_time": "2021-05-01T12:08:14.222Z", "user": 1, "content_type": 16, "object_id": "12", "object_repr": "Pwdr Workout Club: Punches Pilates", "action_flag": 2, "change_message": "[{\"changed\": {\"fields\": [\"Name\", \"Image\"]}}]"}}, {"model": "admin.logentry", "pk": 256, "fields": {"action_time": "2021-05-01T12:12:07.676Z", "user": 1, "content_type": 14, "object_id": "184", "object_repr": "Pwdr Summer Fruits", "action_flag": 2, "change_message": "[{\"changed\": {\"fields\": [\"Name\"]}}]"}}, {"model": "admin.logentry", "pk": 257, "fields": {"action_time": "2021-05-01T14:23:13.156Z", "user": 1, "content_type": 14, "object_id": "176", "object_repr": "Pwdr Choco Bar", "action_flag": 2, "change_message": "[{\"changed\": {\"fields\": [\"Description\"]}}]"}}, {"model": "admin.logentry", "pk": 258, "fields": {"action_time": "2021-05-01T14:23:20.119Z", "user": 1, "content_type": 14, "object_id": "177", "object_repr": "Pwdr Vanilla Bar", "action_flag": 2, "change_message": "[{\"changed\": {\"fields\": [\"Description\"]}}]"}}, {"model": "admin.logentry", "pk": 259, "fields": {"action_time": "2021-05-01T14:23:35.008Z", "user": 1, "content_type": 14, "object_id": "175", "object_repr": "Pwdr Berry Bar", "action_flag": 2, "change_message": "[{\"changed\": {\"fields\": [\"Description\"]}}]"}}, {"model": "admin.logentry", "pk": 260, "fields": {"action_time": "2021-05-05T16:38:53.961Z", "user": 1, "content_type": 14, "object_id": "176", "object_repr": "Pwdr Choco Bar", "action_flag": 2, "change_message": "[{\"changed\": {\"fields\": [\"Category\"]}}]"}}, {"model": "admin.logentry", "pk": 261, "fields": {"action_time": "2021-05-05T16:54:20.821Z", "user": 1, "content_type": 13, "object_id": "13", "object_repr": "programmes", "action_flag": 3, "change_message": ""}}, {"model": "admin.logentry", "pk": 262, "fields": {"action_time": "2021-05-05T16:54:33.144Z", "user": 1, "content_type": 13, "object_id": "8", "object_repr": "new_arrivals", "action_flag": 3, "change_message": ""}}, {"model": "admin.logentry", "pk": 263, "fields": {"action_time": "2021-05-05T17:32:20.239Z", "user": 1, "content_type": 14, "object_id": "183", "object_repr": "Pwdr Lucha Tank", "action_flag": 2, "change_message": "[{\"changed\": {\"fields\": [\"Has sizes\"]}}]"}}, {"model": "admin.logentry", "pk": 264, "fields": {"action_time": "2021-05-05T17:32:36.427Z", "user": 1, "content_type": 14, "object_id": "182", "object_repr": "Pwdr Logo Tee", "action_flag": 2, "change_message": "[{\"changed\": {\"fields\": [\"Has sizes\"]}}]"}}, {"model": "admin.logentry", "pk": 265, "fields": {"action_time": "2021-05-05T17:32:43.948Z", "user": 1, "content_type": 14, "object_id": "181", "object_repr": "Pwdr Workout Club Tank", "action_flag": 2, "change_message": "[{\"changed\": {\"fields\": [\"Has sizes\"]}}]"}}, {"model": "admin.logentry", "pk": 266, "fields": {"action_time": "2021-05-05T17:32:50.906Z", "user": 1, "content_type": 14, "object_id": "180", "object_repr": "Pwdr Workout Club Tee", "action_flag": 2, "change_message": "[{\"changed\": {\"fields\": [\"Has sizes\"]}}]"}}, {"model": "admin.logentry", "pk": 267, "fields": {"action_time": "2021-05-08T14:48:57.916Z", "user": 1, "content_type": 16, "object_id": "5", "object_repr": "Vegan Vigour: Complete", "action_flag": 2, "change_message": "[{\"changed\": {\"fields\": [\"Name\"]}}]"}}, {"model": "admin.logentry", "pk": 268, "fields": {"action_time": "2021-05-08T14:49:10.838Z", "user": 1, "content_type": 16, "object_id": "3", "object_repr": "Pwdr Workout Club: Complete", "action_flag": 2, "change_message": "[{\"changed\": {\"fields\": [\"Name\"]}}]"}}, {"model": "admin.logentry", "pk": 269, "fields": {"action_time": "2021-05-08T14:49:26.504Z", "user": 1, "content_type": 16, "object_id": "2", "object_repr": "Couch to 5K: Complete", "action_flag": 2, "change_message": "[{\"changed\": {\"fields\": [\"Name\"]}}]"}}, {"model": "admin.logentry", "pk": 270, "fields": {"action_time": "2021-05-09T09:04:32.006Z", "user": 1, "content_type": 13, "object_id": "17", "object_repr": "programmes", "action_flag": 1, "change_message": "[{\"added\": {}}]"}}, {"model": "admin.logentry", "pk": 271, "fields": {"action_time": "2021-05-09T09:07:23.455Z", "user": 1, "content_type": 14, "object_id": "185", "object_repr": "Pwdr Workout Club: Punches Pilates", "action_flag": 1, "change_message": "[{\"added\": {}}]"}}, {"model": "admin.logentry", "pk": 272, "fields": {"action_time": "2021-05-09T09:07:47.534Z", "user": 1, "content_type": 16, "object_id": "12", "object_repr": "Pwdr Workout Club: Punches Pilates", "action_flag": 2, "change_message": "[]"}}, {"model": "admin.logentry", "pk": 273, "fields": {"action_time": "2021-05-09T09:09:12.834Z", "user": 1, "content_type": 14, "object_id": "186", "object_repr": "Pwdr Workout Club: Better Balance", "action_flag": 1, "change_message": "[{\"added\": {}}]"}}, {"model": "admin.logentry", "pk": 274, "fields": {"action_time": "2021-05-09T09:10:40.097Z", "user": 1, "content_type": 14, "object_id": "187", "object_repr": "Pwdr Workout Club: Yoga Core Crunch", "action_flag": 1, "change_message": "[{\"added\": {}}]"}}, {"model": "admin.logentry", "pk": 275, "fields": {"action_time": "2021-05-09T09:12:04.510Z", "user": 1, "content_type": 14, "object_id": "188", "object_repr": "Pwdr Workout Club: Complete", "action_flag": 1, "change_message": "[{\"added\": {}}]"}}, {"model": "admin.logentry", "pk": 276, "fields": {"action_time": "2021-05-09T09:14:36.461Z", "user": 1, "content_type": 14, "object_id": "189", "object_repr": "Vegan Vigour: Green Gains", "action_flag": 1, "change_message": "[{\"added\": {}}]"}}, {"model": "admin.logentry", "pk": 277, "fields": {"action_time": "2021-05-09T09:16:42.135Z", "user": 1, "content_type": 14, "object_id": "190", "object_repr": "Vegan Vigour: Quad Blast", "action_flag": 1, "change_message": "[{\"added\": {}}]"}}, {"model": "admin.logentry", "pk": 278, "fields": {"action_time": "2021-05-09T09:18:11.548Z", "user": 1, "content_type": 14, "object_id": "191", "object_repr": "Vegan Vigour: Loco Lifts", "action_flag": 1, "change_message": "[{\"added\": {}}]"}}, {"model": "admin.logentry", "pk": 279, "fields": {"action_time": "2021-05-09T09:22:07.078Z", "user": 1, "content_type": 16, "object_id": "1", "object_repr": "Vegan Vigour: Loco Lifts", "action_flag": 2, "change_message": "[]"}}, {"model": "admin.logentry", "pk": 280, "fields": {"action_time": "2021-05-09T09:24:05.226Z", "user": 1, "content_type": 14, "object_id": "192", "object_repr": "Vegan Vigour: Complete", "action_flag": 1, "change_message": "[{\"added\": {}}]"}}, {"model": "admin.logentry", "pk": 281, "fields": {"action_time": "2021-05-09T09:43:38.229Z", "user": 1, "content_type": 14, "object_id": "193", "object_repr": "Couch to 5K: Go The Distance", "action_flag": 1, "change_message": "[{\"added\": {}}]"}}, {"model": "admin.logentry", "pk": 282, "fields": {"action_time": "2021-05-09T09:44:14.112Z", "user": 1, "content_type": 16, "object_id": "8", "object_repr": "Couch to 5K: Go The Distance", "action_flag": 2, "change_message": "[]"}}, {"model": "admin.logentry", "pk": 283, "fields": {"action_time": "2021-05-09T09:45:39.325Z", "user": 1, "content_type": 14, "object_id": "194", "object_repr": "Couch to 5K: Stamina Builder", "action_flag": 1, "change_message": "[{\"added\": {}}]"}}, {"model": "admin.logentry", "pk": 284, "fields": {"action_time": "2021-05-09T09:46:56.472Z", "user": 1, "content_type": 14, "object_id": "195", "object_repr": "Couch to 5K:  Super Stretches", "action_flag": 1, "change_message": "[{\"added\": {}}]"}}, {"model": "admin.logentry", "pk": 285, "fields": {"action_time": "2021-05-09T09:48:37.014Z", "user": 1, "content_type": 14, "object_id": "196", "object_repr": "Couch to 5K: Complete", "action_flag": 1, "change_message": "[{\"added\": {}}]"}}, {"model": "admin.logentry", "pk": 286, "fields": {"action_time": "2021-05-09T10:03:45.340Z", "user": 1, "content_type": 13, "object_id": "18", "object_repr": "programmes-vegan", "action_flag": 1, "change_message": "[{\"added\": {}}]"}}, {"model": "admin.logentry", "pk": 287, "fields": {"action_time": "2021-05-09T10:04:02.174Z", "user": 1, "content_type": 13, "object_id": "19", "object_repr": "programmes-couch", "action_flag": 1, "change_message": "[{\"added\": {}}]"}}, {"model": "admin.logentry", "pk": 288, "fields": {"action_time": "2021-05-09T10:04:37.099Z", "user": 1, "content_type": 13, "object_id": "20", "object_repr": "programmes-workout", "action_flag": 1, "change_message": "[{\"added\": {}}]"}}, {"model": "admin.logentry", "pk": 289, "fields": {"action_time": "2021-05-09T10:05:13.996Z", "user": 1, "content_type": 14, "object_id": "196", "object_repr": "Couch to 5K: Complete", "action_flag": 2, "change_message": "[{\"changed\": {\"fields\": [\"Category\"]}}]"}}, {"model": "admin.logentry", "pk": 290, "fields": {"action_time": "2021-05-09T10:05:20.993Z", "user": 1, "content_type": 14, "object_id": "195", "object_repr": "Couch to 5K:  Super Stretches", "action_flag": 2, "change_message": "[{\"changed\": {\"fields\": [\"Category\"]}}]"}}, {"model": "admin.logentry", "pk": 291, "fields": {"action_time": "2021-05-09T10:05:28.082Z", "user": 1, "content_type": 14, "object_id": "194", "object_repr": "Couch to 5K: Stamina Builder", "action_flag": 2, "change_message": "[{\"changed\": {\"fields\": [\"Category\"]}}]"}}, {"model": "admin.logentry", "pk": 292, "fields": {"action_time": "2021-05-09T10:06:12.222Z", "user": 1, "content_type": 14, "object_id": "193", "object_repr": "Couch to 5K: Go The Distance", "action_flag": 2, "change_message": "[{\"changed\": {\"fields\": [\"Category\"]}}]"}}, {"model": "admin.logentry", "pk": 293, "fields": {"action_time": "2021-05-09T10:06:21.285Z", "user": 1, "content_type": 14, "object_id": "192", "object_repr": "Vegan Vigour: Complete", "action_flag": 2, "change_message": "[{\"changed\": {\"fields\": [\"Category\"]}}]"}}, {"model": "admin.logentry", "pk": 294, "fields": {"action_time": "2021-05-09T10:06:27.410Z", "user": 1, "content_type": 14, "object_id": "191", "object_repr": "Vegan Vigour: Loco Lifts", "action_flag": 2, "change_message": "[{\"changed\": {\"fields\": [\"Category\"]}}]"}}, {"model": "admin.logentry", "pk": 295, "fields": {"action_time": "2021-05-09T10:06:41.604Z", "user": 1, "content_type": 14, "object_id": "189", "object_repr": "Vegan Vigour: Green Gains", "action_flag": 2, "change_message": "[{\"changed\": {\"fields\": [\"Category\"]}}]"}}, {"model": "admin.logentry", "pk": 296, "fields": {"action_time": "2021-05-09T10:06:49.572Z", "user": 1, "content_type": 14, "object_id": "190", "object_repr": "Vegan Vigour: Quad Blast", "action_flag": 2, "change_message": "[{\"changed\": {\"fields\": [\"Category\"]}}]"}}, {"model": "admin.logentry", "pk": 297, "fields": {"action_time": "2021-05-09T10:07:03.702Z", "user": 1, "content_type": 14, "object_id": "188", "object_repr": "Pwdr Workout Club: Complete", "action_flag": 2, "change_message": "[{\"changed\": {\"fields\": [\"Category\"]}}]"}}, {"model": "admin.logentry", "pk": 298, "fields": {"action_time": "2021-05-09T10:07:09.733Z", "user": 1, "content_type": 14, "object_id": "187", "object_repr": "Pwdr Workout Club: Yoga Core Crunch", "action_flag": 2, "change_message": "[{\"changed\": {\"fields\": [\"Category\"]}}]"}}, {"model": "admin.logentry", "pk": 299, "fields": {"action_time": "2021-05-09T10:07:41.864Z", "user": 1, "content_type": 14, "object_id": "186", "object_repr": "Pwdr Workout Club: Better Balance", "action_flag": 2, "change_message": "[{\"changed\": {\"fields\": [\"Category\"]}}]"}}, {"model": "admin.logentry", "pk": 300, "fields": {"action_time": "2021-05-09T10:08:01.413Z", "user": 1, "content_type": 14, "object_id": "185", "object_repr": "Pwdr Workout Club: Punches Pilates", "action_flag": 2, "change_message": "[{\"changed\": {\"fields\": [\"Category\"]}}]"}}, {"model": "admin.logentry", "pk": 301, "fields": {"action_time": "2021-05-10T11:06:38.395Z", "user": 1, "content_type": 14, "object_id": "189", "object_repr": "Vegan Vigour: Green Gains", "action_flag": 2, "change_message": "[{\"changed\": {\"fields\": [\"Image\"]}}]"}}, {"model": "admin.logentry", "pk": 302, "fields": {"action_time": "2021-05-20T09:14:57.313Z", "user": 1, "content_type": 14, "object_id": "197", "object_repr": "test", "action_flag": 3, "change_message": ""}}, {"model": "admin.logentry", "pk": 303, "fields": {"action_time": "2021-05-20T13:06:17.899Z", "user": 1, "content_type": 8, "object_id": "3", "object_repr": "test1@tesyt.com", "action_flag": 2, "change_message": "[{\"changed\": {\"fields\": [\"Verified\"]}}]"}}, {"model": "auth.user", "pk": 1, "fields": {"password": "pbkdf2_sha256$260000$U0sRyRsF1rlozBob9mDrr5$m2ovQ63iM6rag8ETBQqidrhogDJWoS9NqnBXBUet8vI=", "last_login": "2021-05-20T13:05:31.887Z", "is_superuser": true, "username": "CMac", "first_name": "", "last_name": "", "email": "amac@yahoo.com", "is_staff": true, "is_active": true, "date_joined": "2021-04-20T11:07:30.613Z", "groups": [], "user_permissions": []}}, {"model": "auth.user", "pk": 2, "fields": {"password": "pbkdf2_sha256$260000$hqdIIEtWCZhwUokSAYV9Bp$9SWI4mQoVbjotisgq53nY7Ag7MOejn7itZnhsKP5Dig=", "last_login": null, "is_superuser": false, "username": "testy", "first_name": "", "last_name": "", "email": "test@tesyt.com", "is_staff": false, "is_active": true, "date_joined": "2021-05-19T09:45:49.615Z", "groups": [], "user_permissions": []}}, {"model": "auth.user", "pk": 3, "fields": {"password": "pbkdf2_sha256$260000$o9ep0oasOyO3tH8vlfKZu3$z/x11unOU2C3CdGa0xZMvKqFM+qRT2Iaa8v1s1HLilA=", "last_login": "2021-05-20T13:07:41.387Z", "is_superuser": false, "username": "test1@tesyt.com", "first_name": "", "last_name": "", "email": "test1@tesyt.com", "is_staff": false, "is_active": true, "date_joined": "2021-05-20T13:04:40.385Z", "groups": [], "user_permissions": []}}, {"model": "sessions.session", "pk": "247xpxk1ktxrhb3k35aa4v72x7zjqiwi", "fields": {"session_data": "eyJiYWciOnsiMTgwIjp7Iml0ZW1zX2J5X3NpemUiOnsibSI6Mn19fX0:1leNFv:f-IFClCQEIz2rgjeYDTb0oSTiuV_VzuZqir0BPV7V4A", "expire_date": "2021-05-19T19:32:23.043Z"}}, {"model": "sessions.session", "pk": "2aghqait83eyzl7u1p02tw2fq2uxgl4e", "fields": {"session_data": ".eJxVjMsOwiAQRf-FtSHQ8qhduvcbyAwMFjXQQJtojP-uTbrQ7T3nnhdzsC6TWxtVlwIbmWSH3w3B3yhvIFwhXwr3JS81Id8UvtPGzyXQ_bS7f4EJ2vR9Y--D8JIUDEpabVQ4RgxokSgq1feRNKEAsB112hjSSJ2ywhgYZNRD3KKNWkslO3rMqT7ZKN4fvWo_0A:1lZ9tL:SybnmVr2CbF4ik6mU5zQHBl37bHhfnPQ7jl7hvPrZnw", "expire_date": "2021-05-05T10:15:31.662Z"}}, {"model": "sessions.session", "pk": "2gvd3ps89qcnkh7xhma0u5sk6m6nx3sd", "fields": {"session_data": ".eJxVjDsOgzAQRO-yNbJs419cps8Z0K69BpIIJD4V4u4BhSKpnjRvZjZocF26Zp15avoMERRUvxlhevFwivzEoR1FGodl6kmcFXHZWTzGzO_71f076HDujjXVKcuk2GAwyltn8q1QJk_MxZi6LmyZJKLXrK1zbIm18dI5DKrYUI5TwhbiBsrXEHV10HwZJES17x-JiD-W:1leLXw:ExB0TQW-NA6Tg75E4Zj5b3MkDENL6u9cto4vOtQGDf8", "expire_date": "2021-05-19T17:42:52.842Z"}}, {"model": "sessions.session", "pk": "39ofnt0ym1211nu97sbl42r6l53j4829", "fields": {"session_data": ".eJxVkM1ugzAQhF_F2jNCGGygvrU9V-KWQ4gsGy8_CWAJ24rSiHcvltJDTqP9ZnYO8wStBhBPoFUBokiA1jSek8fFSf2QbvrFCBYQdN-jX4PIo_JIEpAq-FEGh5ucDAig8Ma06m64RsNc1TrYtLOr3yadxkj6cl36Yw3OX6_sW8Go3Hh866IzWUeRqZrRipfMfPTa6Eoj9owVRY8cdaZUlWPOyxK5xpxVWVmqmva87mPpgs6pAd1Rdz63IOXV2fWftpCQLCE5T0gLn8agIc3dbORkt5sNnnzPQQvShLUb0ZFmmpU_1FvysGEjx4otXC6w_wEIjmvX:1lfhnA:7IC7YCB72CfFDAzMEl9m9VQbPNWw3bKvuFvHNmj97hs", "expire_date": "2021-05-23T11:40:12.743Z"}}, {"model": "sessions.session", "pk": "3hqa2qhhkmv7vtd6jwwvcb6131sxtw8j", "fields": {"session_data": "eyJiYWciOnsiMTkyIjoxLCIxNzQiOjF9fQ:1lg81D:nc2SmeenHZx86XznTtlZUHGrpI8aAwMAhtpWhignS1w", "expire_date": "2021-05-24T15:40:27.120Z"}}, {"model": "sessions.session", "pk": "4wzerorzpmy2icnwd1n8u5hmre2uqro5", "fields": {"session_data": "eyJiYWciOnsiMTIiOjJ9fQ:1lfQ0k:C7eAx6DbzK48e-WFqtjZmjU6xnVZ_RknITs3rjFGV8c", "expire_date": "2021-05-22T16:41:02.875Z"}}, {"model": "sessions.session", "pk": "68ezizwndehfpnzylufk0304t3kgpfvt", "fields": {"session_data": "eyJiYWciOnsiMiI6MX19:1lfNsS:dPEA-pLMn7GTAOZhzH2c3hxrZBy3julbE6lJcmWiPyk", "expire_date": "2021-05-22T14:24:20.930Z"}}, {"model": "sessions.session", "pk": "7y3ykqx7k21bozcugu2m1u7ae010kioe", "fields": {"session_data": "eyJiYWciOnsiMSI6MX19:1lfMy6:E5D6_pWqLmpZss53Ekeqk_u9xhoGcimIHFFQqsGzdwE", "expire_date": "2021-05-22T13:26:06.573Z"}}, {"model": "sessions.session", "pk": "7yu43cymfdzghnec0ocba7iyz2nzikdi", "fields": {"session_data": "eyJiYWciOnsiMTgwIjp7Iml0ZW1zX2J5X3NpemUiOnsieGwiOjEsIm0iOjF9fX19:1leMqo:_wdUtXQv2mSa3pq_FX39QeAUwgDSXf8XwiXETJ0GcMM", "expire_date": "2021-05-19T19:06:26.149Z"}}, {"model": "sessions.session", "pk": "88tpvkdh2f075dpltzg2bvicnzd9k2gw", "fields": {"session_data": ".eJxVjMsOgjAQRf9l1qRpoa3TLt37DU0fA1QNGAqJhvDvQsJCt_ece1Zwfpl7txSaXE5gQUD1uwUfHzQcIN390I0sjsM85cAOhZ20sNuY6Hk93b9A70u_v2XLJZrISUahtEFUMdQ1XlBqRFJNw5OmkIQWRgYZsN49NIl0u3NUeEQLlZLHwdH7lacPWF5B8B3YFYQxYMW2fQFGykIP:1ljeld:9RBwTA2Y5GenUQNUcvK4ozFs5X-J5whRAFAxpvmfxtg", "expire_date": "2021-06-03T09:14:57.502Z"}}, {"model": "sessions.session", "pk": "8u88r6d33679li3mumefb3fj0hi8nwwh", "fields": {"session_data": "eyJiYWciOnsiNSI6MX19:1lfMgv:RqJ5alvNUlnN1yr0s7XTQmpVHz8QzgxhT3-AUVXAsTQ", "expire_date": "2021-05-22T13:08:21.948Z"}}, {"model": "sessions.session", "pk": "8uf0tyd83ecroljr00abcbpmh5ex3kdq", "fields": {"session_data": ".eJxVjMsOgjAQRf9l1oRQKHXapXu_oeljgCq2hoLRGP9dMMTE7Tnn3hcY59ISZ32nKXSBvKarCSOouIxj8bNLpgkU1FCANss8fIEOfmXsn1njLhQ34c8m9ql0Kc5TsOWWlLvN5Sl5Go97-3cwmDysa95VHKWriDvWConYOlvXeEAuEKltmsoLsp4JJrnlFuu1Q-lJdKvHFrfTTDmHFDU9bmF6gqoKsKYH9QImG1Ds_f4AUq1Tmg:1ljItU:xaSLeF3gqDV170Auy4cY81ldXLjYy1Gt8MFxJBpL8pg", "expire_date": "2021-06-02T09:53:36.465Z"}}, {"model": "sessions.session", "pk": "9r5g1dazdfts4s72hdatbwiphnp39rs5", "fields": {"session_data": "eyJiYWciOnsiMyI6Mn19:1lfOw7:h_jwONQ--u-2_zJS0ottZss8GCyLThE_H6VRtU33C7w", "expire_date": "2021-05-22T15:32:11.651Z"}}, {"model": "sessions.session", "pk": "9th321fn6fyrqe4flsi61752la79gtgy", "fields": {"session_data": "eyJiYWciOnsiMSI6MX19:1lfOoz:_vIa_qRPDKD9-UhzKSZQjqkeDsq1OV5RD9PqLi-CPO8", "expire_date": "2021-05-22T15:24:49.359Z"}}, {"model": "sessions.session", "pk": "a042pginhb3at31qo2qk0gn9sdsa0odb", "fields": {"session_data": "eyJiYWciOnsiMTIiOjJ9fQ:1lfP4J:tpgImdoUlnW2U8Mcqnmc4eAi9wADeRdmuZoAOA4pi3k", "expire_date": "2021-05-22T15:40:39.524Z"}}, {"model": "sessions.session", "pk": "a1ogr39tfr1bvnez92zjckk71aiuomm2", "fields": {"session_data": "eyJiYWciOnsiMiI6MX19:1lfQ3I:QLl4bi1ofOJ8uouUnMKEWekWH0Lci-VqQNIBgi4uvNM", "expire_date": "2021-05-22T16:43:40.186Z"}}, {"model": "sessions.session", "pk": "arse2hlopllj34kauqnjf4clizhhm3rk", "fields": {"session_data": "eyJiYWciOnsiMTczIjoyLCIyIjoxfX0:1lfPIr:-pXDGKSwoIDGOf9tYDGmjGIqRANK7RJhVNJIqCRi6RU", "expire_date": "2021-05-22T15:55:41.777Z"}}, {"model": "sessions.session", "pk": "bvzgaxv611jxbugsee0f3fkr0qfm1l4a", "fields": {"session_data": ".eJxVjMsOwiAUBf-FtSHQAl66dO83EB63FjVgoE00xn8Xki50e2bOvImx27qYrWIxMZCJcHL43Zz1N0wdhKtNl0x9TmuJjnaF7rTScw54P-3uX2CxdWlvMTMB2jMUnkulAaR3wwBHEAoA5TiyoNAFrrgWTjgYmgc6oJobBwk9WrHWmJPB5yOWF5nY5wtIWT3x:1ljOhs:zwuYd3U89IGxL1eTq3sEuJP6CQyj9EOe2ICwaYhJ6xo", "expire_date": "2021-06-02T16:06:00.030Z"}}, {"model": "sessions.session", "pk": "cq50to7q9fvi41nwghzf3ij0huxodrfs", "fields": {"session_data": ".eJxVjDsOgzAQBe-ydWRh4w-4TM8Z0K69xiSRkfhUiLsHJIqkfTNvduhxW3O_LTz3YwQPEh6_G2F4c7lAfGEZJhGmss4jiUsRN11EN0X-PG_3L5Bxyeeb6hCrIFljo6UzVsc2USRHzEnruk5smCpEp1gZa9kQK-0qa7GRyTTpjBIO4Hdowcvj-AI4BDxH:1lfOSs:muZ1gn2RHOEuD3sRoa85uOnRKDDqNnZXArjF4yWEneo", "expire_date": "2021-05-22T15:01:58.302Z"}}, {"model": "sessions.session", "pk": "d5wsi3abmx9o9704n1gec5gigm542cn5", "fields": {"session_data": "eyJiYWciOnsiMSI6MX19:1lfOVe:uTaveUcP6sGRgYDNyYfhPgeMDoIih6f4RNl4vasYivc", "expire_date": "2021-05-22T15:04:50.391Z"}}, {"model": "sessions.session", "pk": "fbu1r6d55abum8gb0acyvqf9u557q59b", "fields": {"session_data": ".eJyrVkpKTFeyqlYytDBVsjLSAdLGIG5mSWpucXxSZXxxZlUqSCAXKFtbC5Q3N1GyMgSpswDStbUAX6sSIQ:1lfi4D:zhaYXNkRdJ00UTyjJo0ly4aqeejMYwbu-E1G7BUqyDY", "expire_date": "2021-05-23T11:57:49.168Z"}}, {"model": "sessions.session", "pk": "gjzn2vysnscuzf0yphyado14fxljulmw", "fields": {"session_data": "eyJiYWciOnsiMSI6Mn19:1lfOgS:w8ZoiGe2flVVohLVYBCIXbfcfurpFWKC0EIIAD3UyUA", "expire_date": "2021-05-22T15:16:00.323Z"}}, {"model": "sessions.session", "pk": "gn4n4f099tdhpznax3nfp7ag3vuii2q7", "fields": {"session_data": "eyJiYWciOnsiMyI6MX19:1lfPfe:uRVNH_XX4wBorfNjexvWBlubx4Kv2d0xaowy-7Zi5YM", "expire_date": "2021-05-22T16:19:14.722Z"}}, {"model": "sessions.session", "pk": "go1w9j8czof6lvkcgkqtd5k4alc9w5j6", "fields": {"session_data": "eyJiYWciOnsiMiI6MX19:1lfMsY:NmnTfpnLoMu4H9tM8Agm0x7KXBcTn4BLesZGEmm7ecE", "expire_date": "2021-05-22T13:20:22.671Z"}}, {"model": "sessions.session", "pk": "i1uowx51xkg3l60wt1ohts3u1m1lsa48", "fields": {"session_data": "e30:1ljHl8:I-RaCQHyC0hIWUUF_VBqBM-VYFqJcd9OBpjcsqOBhzY", "expire_date": "2021-06-02T08:40:54.760Z"}}, {"model": "sessions.session", "pk": "iw1q1aip5qxmgmedd2cshhkle5xenb46", "fields": {"session_data": "eyJiYWciOnsiMTg0IjoxLCIzIjoyfX0:1lfPdX:UBZuC_mFSXK_LNQlOqibykJeQsaP37enn3pRTv35Neg", "expire_date": "2021-05-22T16:17:03.034Z"}}, {"model": "sessions.session", "pk": "kwlbk7qvdwpy9fkwvkj2lkzxksrlpkzb", "fields": {"session_data": "eyJiYWciOnsiNSI6Mn19:1lf4pq:b6ihYRI4h4yb1CQDhcGEMpzq1If9nhLWDQQYG0viedM", "expire_date": "2021-05-21T18:04:22.131Z"}}, {"model": "sessions.session", "pk": "la7jesx8xwnwzygtvv3bfwp4we0ql0cg", "fields": {"session_data": ".eJxVjbFuwyAURX8FvdlCgAnYGbt36hhHCMNz7CSFCIhSq-q_F0se2uEt95x73zcY-yyzeWZMZvFwhBaav9lo3Q3DBvzVhkukLoaSlpFuCt1ppu_R4_1td_8NzDbPtc24R42889LyaXKeaaF7Nh74aK1TWnLt9MT6TrXi0Kkemeu84K2UjDuhxLSNZsx5icHg12NJKxy5YL1irJLPSuwFc310Og1gzDVXb08HaAhriKw3wEdMaW1IDPeV5BITkvgKmDJxNhAfSZltoQOcz_DzC3szXGY:1ljiR5:K58HPntPyMwGhLBUxPIv1QDrgipAFAMcUkh4WVwG_hA", "expire_date": "2021-06-03T13:09:59.836Z"}}, {"model": "sessions.session", "pk": "mhsbs0tychvlejqs009cspf9immwqunk", "fields": {"session_data": "eyJiYWciOnsiMTAiOjF9fQ:1lfPpQ:4n1ZFB6YHSem3RJ-71JLz2I0RvMpSqhWQ0_menbC2m0", "expire_date": "2021-05-22T16:29:20.609Z"}}, {"model": "sessions.session", "pk": "n5s1sy9bkggc8wsq42a9nutpvep7ouln", "fields": {"session_data": "eyJiYWciOnsiMSI6NX19:1lfOkL:uvTe_LTglqT3T6IixnazSGL3XBLbKriWMtlTkfvkdl4", "expire_date": "2021-05-22T15:20:01.637Z"}}, {"model": "sessions.session", "pk": "nuqq7sk5srkh58w0npx55u5j0h30i95z", "fields": {"session_data": "eyJiYWciOnsiMTc4IjoxLCIxODMiOnsiaXRlbXNfYnlfc2l6ZSI6eyJtIjoxfX19fQ:1leNPM:DAZqOs0IH1AT1jwTPwH_3O7YILlPU4FaOfloT3sVDqs", "expire_date": "2021-05-19T19:42:08.061Z"}}, {"model": "sessions.session", "pk": "qlwhyuecdtt9tn05abh67fshybsa5uj4", "fields": {"session_data": "eyJiYWciOnsiMSI6MX19:1lfO1l:UjFTLhmA-LZk_jVNx4LovZh9fbRsU1zhd_Fw4oWrycM", "expire_date": "2021-05-22T14:33:57.942Z"}}, {"model": "sessions.session", "pk": "r9rvg93lbh6s2fhvpuai9ijl3qvy5l4y", "fields": {"session_data": "eyJiYWciOnsiMSI6MX19:1lfO9C:lhpqiafAJFv-aRjhvpjc7K61XdQRJk43-BygNlZ3Rbw", "expire_date": "2021-05-22T14:41:38.805Z"}}, {"model": "sessions.session", "pk": "rfo2ecq9a00wpyd73s4mt9jai9qhn5l3", "fields": {"session_data": "eyJiYWciOnsiMTAiOjF9fQ:1lfN0A:UTzI89YpEs5U1v4n-Po2-JZempzKJwQo7jGJZcBRiTk", "expire_date": "2021-05-22T13:28:14.684Z"}}, {"model": "sessions.session", "pk": "siz1l8prc6s62x3d4usbhb3sf1rro8kv", "fields": {"session_data": "eyJiYWciOnsiMTAiOjF9fQ:1lfO0U:kqlS8ZmwXTvTzI9s4AB9-itHIzP39OxcN-1EOO7Cs70", "expire_date": "2021-05-22T14:32:38.996Z"}}, {"model": "sessions.session", "pk": "u57y2xm8dtldxnozl72fhsje091mqzql", "fields": {"session_data": "eyJiYWciOnsiMTAiOjF9fQ:1lfO74:gYr8iJ55HCaZ8OZX4d_Rvu19OcRr_JKgsvVSzpNa5lg", "expire_date": "2021-05-22T14:39:26.885Z"}}, {"model": "sessions.session", "pk": "vtp8veosggqrzzn9nv7rqmdx0fb1j61w", "fields": {"session_data": "eyJiYWciOnsiMTIiOjJ9fQ:1lfP2O:SrV9OAxjKpzZPUX-nyeTM68mc1Ko5jx_nDoXKUANXgk", "expire_date": "2021-05-22T15:38:40.418Z"}}, {"model": "sessions.session", "pk": "x55vsefbdlhy6r6mfvw4rl5zfzn7e1f9", "fields": {"session_data": "e30:1ljHsB:8Aq5NoHWlYX2CR1MEA-CGS_JD6TxsqDBiDIkGA9GBE0", "expire_date": "2021-06-02T08:48:11.253Z"}}, {"model": "sessions.session", "pk": "xppj1qi0e84xfyvfwy3tk8l1sjlxpahp", "fields": {"session_data": ".eJxVjMsOwiAUBf-FdUOgBbx06d5vIDxuLWrAADUa47_bJl3o9syceRNjlzabpWIxMZCRcNL9bs76K6YNhItN50x9Tq1ERzeF7rTSUw54O-7uX2C2dV7fYmICtGcoPJdKA0jv-h4OIBQAymFgQaELXHEtnHDQrx7ogGpaOUjYohVrjTkZfN5jeZGRdaTaB5qYpkzGVhb8fAGX50QV:1ljNxp:KFkBjpt7IGgF-imZI5pKV6Y5soXz-_I3yqGBd3fhPt4", "expire_date": "2021-06-02T15:18:25.174Z"}}, {"model": "sessions.session", "pk": "y0fufltcent6dsfjat6bt0bq6y8oj6ds", "fields": {"session_data": "eyJiYWciOnsiMyI6MX19:1lfPeY:7YCukqygGOJkwcs6ni5A493hkPXhSRGDDPm9zbxq1g4", "expire_date": "2021-05-22T16:18:06.948Z"}}, {"model": "sessions.session", "pk": "y4g72smsg7buybhczcok6lyuvaudn2vc", "fields": {"session_data": "eyJiYWciOnsiMTczIjoxfX0:1lfPWf:772Qnp-ZRUmF4PKtZ4J09zxAv6dhjJE-y89H3BEwCVg", "expire_date": "2021-05-22T16:09:57.688Z"}}, {"model": "sessions.session", "pk": "ykxn5ym0ydubq0tltes5crt3lv22sduj", "fields": {"session_data": "eyJiYWciOnsiMTc0IjoxfX0:1lfNuk:ja8qObYi3e31E9MWuEwU9e4tOi_pZ28vZL2vr0PnJWk", "expire_date": "2021-05-22T14:26:42.560Z"}}, {"model": "sessions.session", "pk": "z174hb8mqm53sxsbs7jq1b1qzdznt2ng", "fields": {"session_data": "eyJiYWciOnsiMSI6MX19:1lfP9b:bKZoJ9eNRF9AWGbhzD_LxcKkt_P2vY-e9mZ7ziKWenI", "expire_date": "2021-05-22T15:46:07.548Z"}}, {"model": "sites.site", "pk": 1, "fields": {"domain": "pwdr.example.com", "name": "Pwdr"}}, {"model": "account.emailaddress", "pk": 1, "fields": {"user": 1, "email": "amac@yahoo.com", "verified": true, "primary": true}}, {"model": "account.emailaddress", "pk": 2, "fields": {"user": 2, "email": "test@tesyt.com", "verified": false, "primary": true}}, {"model": "account.emailaddress", "pk": 3, "fields": {"user": 3, "email": "test1@tesyt.com", "verified": true, "primary": true}}, {"model": "products.category", "pk": 12, "fields": {"name": "merch", "friendly_name": "Merch"}}, {"model": "products.category", "pk": 15, "fields": {"name": "bars", "friendly_name": "Bars"}}, {"model": "products.category", "pk": 16, "fields": {"name": "powders", "friendly_name": "Powders"}}, {"model": "products.category", "pk": 17, "fields": {"name": "programmes", "friendly_name": "Programmes"}}, {"model": "products.category", "pk": 18, "fields": {"name": "programmes-vegan", "friendly_name": "Programmes Vegan"}}, {"model": "products.category", "pk": 19, "fields": {"name": "programmes-couch", "friendly_name": "Programmes Couch"}}, {"model": "products.category", "pk": 20, "fields": {"name": "programmes-workout", "friendly_name": "Programmes Workout"}}, {"model": "products.product", "pk": 173, "fields": {"category": 16, "sku": "pp5007310220", "name": "Pwdr Sport Strawberry", "description": "100% all- natural , great-tasting new formula!", "price": "20.00", "has_sizes": false, "rating": "4.88", "image_url": "https://github.com/mcranter/Pwdr-Brand/blob/master/media/pwdr-sport-stawberry-productimg.png", "image": "Screenshot_2021-04-27_at_15.27.06.png"}}, {"model": "products.product", "pk": 174, "fields": {"category": 16, "sku": "pp5007320233", "name": "Pwdr Sport Chocolate", "description": "100% all-natural with delicious chocolate flavouring!", "price": "36.99", "has_sizes": false, "rating": "5.00", "image_url": "https://github.com/mcranter/Pwdr-Brand/blob/master/media/pwdr-sport-chocolate-productimg.png", "image": "Screenshot_2021-04-27_at_15.26.54.png"}}, {"model": "products.product", "pk": 175, "fields": {"category": 15, "sku": "pp0004", "name": "Pwdr Berry Bar", "description": "molestiae quas vel sint commodi repudiandae consequuntur voluptatum laborum\r\nnumquam blanditiis harum quisquam eius sed odit fugiat iusto fuga praesentium\r\noptio, eaque rerum! Provident similique accusantium nemo autem. Veritatis bars", "price": "5.00", "has_sizes": false, "rating": "4.00", "image_url": "https://github.com/mcranter/Pwdr-Brand/blob/master/media/pwdr-bar-berry-mockup.png", "image": "pwdr-bar-berry-mockup_O4dl1XJ.png"}}, {"model": "products.product", "pk": 176, "fields": {"category": 15, "sku": "pp0005", "name": "Pwdr Choco Bar", "description": "molestiae quas vel sint commodi repudiandae consequuntur voluptatum laborum\r\nnumquam blanditiis harum quisquam eius sed odit fugiat iusto fuga praesentium\r\noptio, eaque rerum! Provident similique accusantium nemo autem. Veritatis bars", "price": "5.00", "has_sizes": false, "rating": "5.00", "image_url": "https://github.com/mcranter/Pwdr-Brand/blob/master/media/pwdr-bar-choco-mockup.png", "image": "pwdr-bar-choco-mockup_Jr9Q2bK.png"}}, {"model": "products.product", "pk": 177, "fields": {"category": 15, "sku": "pp0006", "name": "Pwdr Vanilla Bar", "description": "molestiae quas vel sint commodi repudiandae consequuntur voluptatum laborum\r\nnumquam blanditiis harum quisquam eius sed odit fugiat iusto fuga praesentium\r\noptio, eaque rerum! Provident similique accusantium nemo autem. Veritatis bars", "price": "5.00", "has_sizes": false, "rating": "4.35", "image_url": "https://github.com/mcranter/Pwdr-Brand/master/media/pwdr-bar-vanilla-mockup.png", "image": "pwdr-bar-vanilla-mockup_qUVfqhp.png"}}, {"model": "products.product", "pk": 178, "fields": {"category": 16, "sku": "pp0007", "name": "Pwdr Strawberry", "description": "Lorem ipsum dolor sit amet consectetur adipisicing elit. Maxime mollitia,\r\nmolestiae quas vel sint commodi repudiandae consequuntur voluptatum laborum\r\nnumquam blanditiis harum quisquam eius sed odit fugiat iusto fuga praesentium", "price": "40.00", "has_sizes": false, "rating": "3.75", "image_url": "https://github.com/mcranter/Pwdr-Brand/master/media/pwdr-strawberry-bag.png", "image": "pwdr-strawberry-bag_bt9ttYM.png"}}, {"model": "products.product", "pk": 179, "fields": {"category": 16, "sku": "pp0007", "name": "Pwdr Blueberry", "description": "Lorem ipsum dolor sit amet consectetur adipisicing elit. Maxime mollitia,\r\nmolestiae quas vel sint commodi repudiandae consequuntur voluptatum laborum\r\nnumquam blanditiis harum quisquam eius sed odit fugiat iusto fuga praesentium", "price": "40.00", "has_sizes": false, "rating": "4.40", "image_url": null, "image": "pwdr-blueberry-bag.png"}}, {"model": "products.product", "pk": 180, "fields": {"category": 12, "sku": "pp00009", "name": "Pwdr Workout Club Tee", "description": "Lorem ipsum dolor sit amet consectetur adipisicing elit. Maxime mollitia,\r\nmolestiae quas vel sint commodi repudiandae consequuntur voluptatum laborum\r\nnumquam blanditiis harum quisquam eius sed odit fugiat iusto fuga praesentium", "price": "39.99", "has_sizes": true, "rating": "4.00", "image_url": "https://github.com/mcranter/Pwdr-Brand/blob/master/media/pwdr-men-t-mockup.jpg", "image": "pwdr-men-t-mockup_TCzuAuU.jpg"}}, {"model": "products.product", "pk": 181, "fields": {"category": 12, "sku": "pp00010", "name": "Pwdr Workout Club Tank", "description": "Lorem ipsum dolor sit amet consectetur adipisicing elit. Maxime mollitia,\r\nmolestiae quas vel sint commodi repudiandae consequuntur voluptatum laborum\r\nnumquam blanditiis harum quisquam eius sed odit fugiat iusto fuga praesentium", "price": "39.99", "has_sizes": true, "rating": "4.00", "image_url": "https://github.com/mcranter/Pwdr-Brand/media/pwdr-tshirt-woman-mockup", "image": "pwdr-tshirt-woman-mockup_u9AzXNe.png"}}, {"model": "products.product", "pk": 182, "fields": {"category": 12, "sku": "pp00011", "name": "Pwdr Logo Tee", "description": "Lorem ipsum dolor sit amet consectetur adipisicing elit. Maxime mollitia,\r\nmolestiae quas vel sint commodi repudiandae consequuntur voluptatum laborum\r\nnumquam blanditiis harum quisquam eius sed odit fugiat iusto fuga praesentium", "price": "39.99", "has_sizes": true, "rating": "3.75", "image_url": "https://github.com/mcranter/Pwdr-Brand/media/pwdr-tshirt-mockup.jpg", "image": "pwdr-tshirt-mockup_IkOPPdv.jpg"}}, {"model": "products.product", "pk": 183, "fields": {"category": 12, "sku": "pp00012", "name": "Pwdr Lucha Tank", "description": "Lorem ipsum dolor sit amet consectetur adipisicing elit. Maxime mollitia,\r\nmolestiae quas vel sint commodi repudiandae consequuntur voluptatum laborum\r\nnumquam blanditiis harum quisquam eius sed odit fugiat iusto fuga praesentium", "price": "39.99", "has_sizes": true, "rating": "4.40", "image_url": "https://github.com/mcranter/Pwdr-Brand/tree/media/pwdr-tank-set-mockup.jpg", "image": "pwdr-tank-set-mockup_0W1qjak.jpg"}}, {"model": "products.product", "pk": 184, "fields": {"category": 16, "sku": "pp000013", "name": "Pwdr Summer Fruits", "description": "Lorem ipsum dolor sit amet consectetur adipisicing elit. Maxime mollitia, molestiae quas vel sint commodi repudiandae consequuntur voluptatum laborum numquam blanditiis harum quisquam eius sed odit fugiat iusto fuga praesentium", "price": "50.00", "has_sizes": false, "rating": "5.00", "image_url": "https://github.com/mcranter/Pwdr-Brand/tree/master/media/pwdr-powder-summer-fruit-bag-mockup.png", "image": "pwdr-powder-summer-fruit-bag-side-mockup_FGJg3Ut.png"}}, {"model": "products.product", "pk": 185, "fields": {"category": 20, "sku": "pp0001199", "name": "Pwdr Workout Club: Punches Pilates", "description": "Lorem ipsum dolor sit amet consectetur adipisicing elit. Maxime mollitia, molestiae quas vel sint commodi repudiandae consequuntur voluptatum laborum numquam blanditiis harum quisquam eius sed odit fugiat iusto fuga praesentium", "price": "75.00", "has_sizes": false, "rating": "5.00", "image_url": "https://github.com/mcranter/Pwdr-Brand/media/workout-club-punches-pilates.png", "image": "workout-club-punches-piltates_gbkuLvC.png"}}, {"model": "products.product", "pk": 186, "fields": {"category": 20, "sku": "pp000390", "name": "Pwdr Workout Club: Better Balance", "description": "Lorem ipsum dolor sit amet consectetur adipisicing elit. Maxime mollitia, molestiae quas vel sint commodi repudiandae consequuntur voluptatum laborum numquam blanditiis harum quisquam eius sed odit fugiat iusto fuga praesentium", "price": "75.00", "has_sizes": false, "rating": "4.90", "image_url": "https://github.com/mcranter/Pwdr-Brand/media/workout-club-better-balance.png", "image": "workout-club-better-balance_o1nhlqG.png"}}, {"model": "products.product", "pk": 187, "fields": {"category": 20, "sku": "pp0000999", "name": "Pwdr Workout Club: Yoga Core Crunch", "description": "Lorem ipsum dolor sit amet consectetur adipisicing elit. Maxime mollitia, molestiae quas vel sint commodi repudiandae consequuntur voluptatum laborum numquam blanditiis harum quisquam eius sed odit fugiat iusto fuga praesentium", "price": "75.00", "has_sizes": false, "rating": "5.00", "image_url": "https://github.com/mcranter/Pwdr-Brand/master/media/workout-club-yoga.png", "image": "workout-club-yoga_GSKS1j3.png"}}, {"model": "products.product", "pk": 188, "fields": {"category": 20, "sku": "pp0003", "name": "Pwdr Workout Club: Complete", "description": "Lorem ipsum dolor sit amet consectetur adipisicing elit. Maxime mollitia,\r\nmolestiae quas vel sint commodi repudiandae consequuntur voluptatum laborum\r\nnumquam blanditiis harum quisquam eius sed odit fugiat iusto fuga praesentium", "price": "100.00", "has_sizes": false, "rating": "5.00", "image_url": "https://github.com/mcranter/Pwdr-Brand/master/media/programme-pwdr-workout-club.mp4", "image": "programme-pwdr_hMLFd0V.png"}}, {"model": "products.product", "pk": 189, "fields": {"category": 18, "sku": "pp000020", "name": "Vegan Vigour: Green Gains", "description": "Lorem ipsum dolor sit amet consectetur adipisicing elit. Maxime mollitia, molestiae quas vel sint commodi", "price": "75.00", "has_sizes": false, "rating": "5.00", "image_url": "https://github.com/mcranter/Pwdr-Brand/master/media/vegan-green-gains.png", "image": "vegan-green-gains_kYrLKnN.png"}}, {"model": "products.product", "pk": 190, "fields": {"category": 18, "sku": "pp00014", "name": "Vegan Vigour: Quad Blast", "description": "Beef up your quads so much you'll be like the cow who jumped over the moon, only way more swole.", "price": "75.00", "has_sizes": false, "rating": "5.00", "image_url": "https://github.com/mcranter/Pwdr-Brand/master/media/vegan-quad-blast.png", "image": "vegan-quad-blast_bLpi3hg.png"}}, {"model": "products.product", "pk": 191, "fields": {"category": 18, "sku": "pp0001", "name": "Vegan Vigour: Loco Lifts", "description": "Lorem ipsum dolor sit amet, consectetur adipiscing elit. \r\nPhasellus id semper enim. \r\nMorbi nec felis vitae enim molestie sagittis id eu sem. \r\nNulla nibh quam, commodo ac arcu a, dictum rutrum nunc. \r\nEtiam eget libero semper, feugiat sem quis, interdum libero.", "price": "75.00", "has_sizes": false, "rating": "5.00", "image_url": "https://github.com/mcranter/Pwdr-Brand/master/media/programme-pwdr-workout-club.mp4", "image": "vegan-vigour-loco-lifts_RXWyFyB.png"}}, {"model": "products.product", "pk": 192, "fields": {"category": 18, "sku": "pp000018", "name": "Vegan Vigour: Complete", "description": "Lorem ipsum dolor sit amet consectetur adipisicing elit. Maxime mollitia, molestiae quas vel sint commodi", "price": "100.00", "has_sizes": false, "rating": "5.00", "image_url": "https://github.com/mcranter/Pwdr-Brand/media/vegan-vigour-complete.png", "image": "programme-vegan_ZdS6Myd.png"}}, {"model": "products.product", "pk": 193, "fields": {"category": 19, "sku": "pp0000790", "name": "Couch to 5K: Go The Distance", "description": "Lorem ipsum dolor sit amet consectetur adipisicing elit. Maxime mollitia, molestiae quas vel sint commodi repudiandae consequuntur voluptatum laborum numquam blanditiis harum quisquam eius sed odit fugiat iusto fuga praesentium", "price": "75.00", "has_sizes": false, "rating": "5.00", "image_url": "https://github.com/mcranter/Pwdr-Brand/master/media/COUCH-go-the-distance.png", "image": "COUCH-go-the-distance_eSCO3V0.png"}}, {"model": "products.product", "pk": 194, "fields": {"category": 19, "sku": "pp00056", "name": "Couch to 5K: Stamina Builder", "description": "Lorem ipsum dolor sit amet consectetur adipisicing elit. Maxime mollitia, molestiae quas vel sint commodi", "price": "75.00", "has_sizes": false, "rating": "5.00", "image_url": "https://github.com/mcranter/Pwdr-Brand/master/media/couch-stamina.png", "image": "COUCH-STAMINA_RRgflio.PNG"}}, {"model": "products.product", "pk": 195, "fields": {"category": 19, "sku": "pp00055", "name": "Couch to 5K:  Super Stretches", "description": "Lorem ipsum dolor sit amet consectetur adipisicing elit. Maxime mollitia, molestiae quas vel sint commodi", "price": "75.00", "has_sizes": false, "rating": "5.00", "image_url": "https://github.com/mcranter/Pwdr-Brand/master/media/COUCH-STRETCH.png", "image": "COUCH-STRETCH_RBILvBc.PNG"}}, {"model": "products.product", "pk": 196, "fields": {"category": 19, "sku": "pp0002", "name": "Couch to 5K: Complete", "description": "Lorem ipsum dolor sit amet consectetur adipisicing elit. Maxime mollitia,\r\nmolestiae quas vel sint commodi repudiandae consequuntur voluptatum laborum\r\nnumquaam blanditiis harum quisquam eius sed odit fugiat iusto fuga praesentium", "price": "75.00", "has_sizes": false, "rating": "5.00", "image_url": "https://github.com/mcranter/Pwdr-Brand/master/media/programme-couch.png", "image": "programme-couch_ITebWTa.png"}}, {"model": "products.product", "pk": 198, "fields": {"category": 17, "sku": "pp000142", "name": "programmes", "description": "sdadasd", "price": "33.00", "has_sizes": false, "rating": null, "image_url": null, "image": "0900631B81D6766FM.jpg"}}, {"model": "checkout.order", "pk": 1, "fields": {"order_number": "D5AF97E8147D4B059CDBADD7D5AB51B4", "user_profile": null, "full_name": "test", "email": "test@tesyt.com", "phone_number": "0892323232", "country": "Ireland", "postcode": "d33333333", "town_or_city": "Beaumont", "street_address1": "fdfd", "street_address2": "fdfdfd", "county": "Dublin", "date": "2021-05-14T10:29:34.160Z", "delivery_cost": "0.00", "order_total": "80.00", "grand_total": "80.00", "original_bag": "", "stripe_pid": ""}}, {"model": "checkout.order", "pk": 2, "fields": {"order_number": "F8602D64068A445D9BF41AA0765E9CB3", "user_profile": null, "full_name": "test", "email": "test@tesyt.com", "phone_number": "0892323232", "country": "Ireland", "postcode": "d33333333", "town_or_city": "Beaumont", "street_address1": "fdfd", "street_address2": "fdfdfd", "county": "Dublin", "date": "2021-05-14T12:22:51.892Z", "delivery_cost": "0.00", "order_total": "75.00", "grand_total": "75.00", "original_bag": "", "stripe_pid": ""}}, {"model": "checkout.order", "pk": 3, "fields": {"order_number": "76512E2B5304488CA7089908AD8CDED9", "user_profile": null, "full_name": "test", "email": "test@tesyt.com", "phone_number": "0892323232", "country": "Ireland", "postcode": "d33333333", "town_or_city": "Beaumont", "street_address1": "fdfd", "street_address2": "fdfdfd", "county": "Dublin", "date": "2021-05-14T12:27:28.954Z", "delivery_cost": "0.00", "order_total": "75.00", "grand_total": "75.00", "original_bag": "", "stripe_pid": ""}}, {"model": "checkout.order", "pk": 4, "fields": {"order_number": "7289B5FE87D24BEE8C27F910E723846B", "user_profile": null, "full_name": "test", "email": "test@tesyt.com", "phone_number": "0892323232", "country": "Ireland", "postcode": "d33333333", "town_or_city": "Beaumont", "street_address1": "fdfd", "street_address2": "fdfdfd", "county": "Dublin", "date": "2021-05-16T08:27:46.131Z", "delivery_cost": "0.00", "order_total": "73.98", "grand_total": "73.98", "original_bag": "", "stripe_pid": ""}}, {"model": "checkout.order", "pk": 5, "fields": {"order_number": "1022B3EC42E942F88B142E346974D6F6", "user_profile": null, "full_name": "test", "email": "test@tesyt.com", "phone_number": "0892323232", "country": "IE", "postcode": "d33333333", "town_or_city": "Beaumont", "street_address1": "fdfd", "street_address2": "fdfdfd", "county": "Dublin", "date": "2021-05-16T19:26:44.843Z", "delivery_cost": "0.00", "order_total": "225.00", "grand_total": "225.00", "original_bag": "", "stripe_pid": ""}}, {"model": "checkout.order", "pk": 6, "fields": {"order_number": "F9C96DFC1E8E4760A0C1B5C460C6B756", "user_profile": null, "full_name": "test", "email": "test@tesyt.com", "phone_number": "0892323232", "country": "IE", "postcode": "d33333333", "town_or_city": "Beaumont", "street_address1": "fdfd", "street_address2": "fdfdfd", "county": "Dublin", "date": "2021-05-16T19:36:38.780Z", "delivery_cost": "0.00", "order_total": "75.00", "grand_total": "75.00", "original_bag": "", "stripe_pid": ""}}, {"model": "checkout.order", "pk": 7, "fields": {"order_number": "9FBDDE9D6E1347DBB256BDD3C5B8676D", "user_profile": null, "full_name": "test", "email": "test@tesyt.com", "phone_number": "0892323232", "country": "IE", "postcode": "d33333333", "town_or_city": "Beaumont", "street_address1": "fdfd", "street_address2": "fdfdfd", "county": "Dublin", "date": "2021-05-16T19:40:31.173Z", "delivery_cost": "0.00", "order_total": "147.96", "grand_total": "147.96", "original_bag": "", "stripe_pid": ""}}, {"model": "checkout.order", "pk": 8, "fields": {"order_number": "F28EEDD9A9AA4DD0BD446EAAC26E6331", "user_profile": null, "full_name": "test", "email": "test@tesyt.com", "phone_number": "0892323232", "country": "IE", "postcode": "d33333333", "town_or_city": "Beaumont", "street_address1": "fdfd", "street_address2": "fdfdfd", "county": "Dublin", "date": "2021-05-16T19:46:08.651Z", "delivery_cost": "0.00", "order_total": "75.00", "grand_total": "75.00", "original_bag": "", "stripe_pid": ""}}, {"model": "checkout.order", "pk": 9, "fields": {"order_number": "AC273E90D3374B3B8D651174648F5824", "user_profile": null, "full_name": "test", "email": "test@tesyt.com", "phone_number": "0892323232", "country": "IE", "postcode": "d33333333", "town_or_city": "Beaumont", "street_address1": "fdfd", "street_address2": "fdfdfd", "county": "Dublin", "date": "2021-05-16T19:47:45.503Z", "delivery_cost": "0.00", "order_total": "75.00", "grand_total": "75.00", "original_bag": "", "stripe_pid": ""}}, {"model": "checkout.order", "pk": 10, "fields": {"order_number": "45BA7C2BB16F4274B9A246131FEEB1F8", "user_profile": null, "full_name": "test", "email": "test@tesyt.com", "phone_number": "0892323232", "country": "IE", "postcode": "d33333333", "town_or_city": "Beaumont", "street_address1": "fdfd", "street_address2": "fdfdfd", "county": "Dublin", "date": "2021-05-16T20:01:01.471Z", "delivery_cost": "0.00", "order_total": "334.96", "grand_total": "334.96", "original_bag": "", "stripe_pid": ""}}, {"model": "checkout.order", "pk": 11, "fields": {"order_number": "DED8D11948214EF6B58BECCEA9F39836", "user_profile": null, "full_name": "test", "email": "test@tesyt.com", "phone_number": "0892323232", "country": "IE", "postcode": "d33333333", "town_or_city": "Beaumont", "street_address1": "fdfd", "street_address2": "fdfdfd", "county": "Dublin", "date": "2021-05-16T20:07:48.044Z", "delivery_cost": "0.00", "order_total": "84.98", "grand_total": "84.98", "original_bag": "", "stripe_pid": ""}}, {"model": "checkout.order", "pk": 12, "fields": {"order_number": "FB2A20A5D6C84015AC0E2198D6CCE2B3", "user_profile": null, "full_name": "test", "email": "test@tesyt.com", "phone_number": "0892323232", "country": "IE", "postcode": "d33333333", "town_or_city": "Beaumont", "street_address1": "fdfd", "street_address2": "fdfdfd", "county": "Dublin", "date": "2021-05-16T20:17:30.972Z", "delivery_cost": "0.00", "order_total": "75.00", "grand_total": "75.00", "original_bag": "", "stripe_pid": ""}}, {"model": "checkout.order", "pk": 13, "fields": {"order_number": "B1B6EBD2803D40E09D70C2B6E12AEAEE", "user_profile": null, "full_name": "test", "email": "test@tesyt.com", "phone_number": "0892323232", "country": "IE", "postcode": "d33333333", "town_or_city": "Beaumont", "street_address1": "fdfd", "street_address2": "fdfdfd", "county": "Dublin", "date": "2021-05-16T20:20:55.751Z", "delivery_cost": "0.00", "order_total": "100.00", "grand_total": "100.00", "original_bag": "", "stripe_pid": ""}}, {"model": "checkout.order", "pk": 14, "fields": {"order_number": "909973870CDC4F7A91F2342DBE3BE952", "user_profile": null, "full_name": "C", "email": "test@tesyt.com", "phone_number": "0892323232", "country": "IE", "postcode": "d33333333", "town_or_city": "Beaumont", "street_address1": "fdfd", "street_address2": "fdfdfd", "county": "Dublin", "date": "2021-05-16T20:22:40.344Z", "delivery_cost": "0.00", "order_total": "95.00", "grand_total": "95.00", "original_bag": "", "stripe_pid": ""}}, {"model": "checkout.order", "pk": 15, "fields": {"order_number": "A5AC4A0651B148C58E1372CD95C5E66D", "user_profile": null, "full_name": "test", "email": "test@tesyt.com", "phone_number": "0892323232", "country": "Ireland", "postcode": "d33333333", "town_or_city": "Beaumont", "street_address1": "fdfd", "street_address2": "fdfdfd", "county": "Dublin", "date": "2021-05-16T20:32:14.173Z", "delivery_cost": "4.50", "order_total": "45.00", "grand_total": "49.50", "original_bag": "", "stripe_pid": ""}}, {"model": "checkout.order", "pk": 16, "fields": {"order_number": "F33E4480EB1C4F398EB79382B9D4CFCE", "user_profile": null, "full_name": "test", "email": "test@tesyt.com", "phone_number": "0892323232", "country": "IE", "postcode": "d33333333", "town_or_city": "Beaumont", "street_address1": "fdfd", "street_address2": "fdfdfd", "county": "Dublin", "date": "2021-05-17T09:11:37.650Z", "delivery_cost": "0.00", "order_total": "150.00", "grand_total": "150.00", "original_bag": "", "stripe_pid": ""}}, {"model": "checkout.order", "pk": 17, "fields": {"order_number": "9D4B3E87C7534FEC93FC1E0399FAC288", "user_profile": null, "full_name": "test", "email": "test@tesyt.com", "phone_number": "0892323232", "country": "IE", "postcode": "d33333333", "town_or_city": "Beaumont", "street_address1": "fdfd", "street_address2": "fdfdfd", "county": "Dublin", "date": "2021-05-17T10:23:50.275Z", "delivery_cost": "0.00", "order_total": "159.96", "grand_total": "159.96", "original_bag": "{\"183\": {\"items_by_size\": {\"xs\": 4}}}", "stripe_pid": "pi_1Is3biAkbdkgFtr83fFh96DB"}}, {"model": "checkout.order", "pk": 18, "fields": {"order_number": "5EF89197EFB64EE883A76370CB14EEDE", "user_profile": null, "full_name": "C", "email": "test@tesyt.com", "phone_number": "0892323232", "country": "IE", "postcode": "d33333333", "town_or_city": "Beaumont", "street_address1": "fdfd", "street_address2": "fdfdfd", "county": "Dublin", "date": "2021-05-17T10:26:53.555Z", "delivery_cost": "0.00", "order_total": "79.98", "grand_total": "79.98", "original_bag": "{\"180\": {\"items_by_size\": {\"m\": 2}}}", "stripe_pid": "pi_1Is3ehAkbdkgFtr8npk5ch87"}}, {"model": "checkout.order", "pk": 19, "fields": {"order_number": "2735B655A648487FBE09BD1245BC8771", "user_profile": 1, "full_name": "test", "email": "amac@yahoo.com", "phone_number": "0892323232", "country": "IE", "postcode": "d33333333", "town_or_city": "Beaumont", "street_address1": "fdfd", "street_address2": "fdfdfd", "county": "Dublin", "date": "2021-05-19T12:24:26.051Z", "delivery_cost": "4.00", "order_total": "39.99", "grand_total": "43.99", "original_bag": "{\"180\": {\"items_by_size\": {\"m\": 1}}}", "stripe_pid": "pi_1IsoRTAkbdkgFtr83NAeImeJ"}}, {"model": "checkout.orderlineitem", "pk": 1, "fields": {"order": 1, "product": 175, "product_size": null, "quantity": 1, "lineitem_total": "5.00"}}, {"model": "checkout.orderlineitem", "pk": 2, "fields": {"order": 1, "product": 186, "product_size": null, "quantity": 1, "lineitem_total": "75.00"}}, {"model": "checkout.orderlineitem", "pk": 3, "fields": {"order": 2, "product": 185, "product_size": null, "quantity": 1, "lineitem_total": "75.00"}}, {"model": "checkout.orderlineitem", "pk": 4, "fields": {"order": 3, "product": 189, "product_size": null, "quantity": 1, "lineitem_total": "75.00"}}, {"model": "checkout.orderlineitem", "pk": 5, "fields": {"order": 4, "product": 174, "product_size": null, "quantity": 2, "lineitem_total": "73.98"}}, {"model": "checkout.orderlineitem", "pk": 6, "fields": {"order": 5, "product": 187, "product_size": null, "quantity": 3, "lineitem_total": "225.00"}}, {"model": "checkout.orderlineitem", "pk": 7, "fields": {"order": 6, "product": 190, "product_size": null, "quantity": 1, "lineitem_total": "75.00"}}, {"model": "checkout.orderlineitem", "pk": 8, "fields": {"order": 7, "product": 174, "product_size": null, "quantity": 4, "lineitem_total": "147.96"}}, {"model": "checkout.orderlineitem", "pk": 9, "fields": {"order": 8, "product": 186, "product_size": null, "quantity": 1, "lineitem_total": "75.00"}}, {"model": "checkout.orderlineitem", "pk": 10, "fields": {"order": 9, "product": 186, "product_size": null, "quantity": 1, "lineitem_total": "75.00"}}, {"model": "checkout.orderlineitem", "pk": 11, "fields": {"order": 10, "product": 178, "product_size": null, "quantity": 4, "lineitem_total": "160.00"}}, {"model": "checkout.orderlineitem", "pk": 12, "fields": {"order": 10, "product": 176, "product_size": null, "quantity": 3, "lineitem_total": "15.00"}}, {"model": "checkout.orderlineitem", "pk": 13, "fields": {"order": 10, "product": 180, "product_size": "xl", "quantity": 4, "lineitem_total": "159.96"}}, {"model": "checkout.orderlineitem", "pk": 14, "fields": {"order": 11, "product": 180, "product_size": "m", "quantity": 1, "lineitem_total": "39.99"}}, {"model": "checkout.orderlineitem", "pk": 15, "fields": {"order": 11, "product": 175, "product_size": null, "quantity": 1, "lineitem_total": "5.00"}}, {"model": "checkout.orderlineitem", "pk": 16, "fields": {"order": 11, "product": 182, "product_size": "xl", "quantity": 1, "lineitem_total": "39.99"}}, {"model": "checkout.orderlineitem", "pk": 17, "fields": {"order": 12, "product": 194, "product_size": null, "quantity": 1, "lineitem_total": "75.00"}}, {"model": "checkout.orderlineitem", "pk": 18, "fields": {"order": 13, "product": 188, "product_size": null, "quantity": 1, "lineitem_total": "100.00"}}, {"model": "checkout.orderlineitem", "pk": 19, "fields": {"order": 14, "product": 173, "product_size": null, "quantity": 1, "lineitem_total": "20.00"}}, {"model": "checkout.orderlineitem", "pk": 20, "fields": {"order": 14, "product": 194, "product_size": null, "quantity": 1, "lineitem_total": "75.00"}}, {"model": "checkout.orderlineitem", "pk": 21, "fields": {"order": 15, "product": 176, "product_size": null, "quantity": 1, "lineitem_total": "5.00"}}, {"model": "checkout.orderlineitem", "pk": 22, "fields": {"order": 15, "product": 178, "product_size": null, "quantity": 1, "lineitem_total": "40.00"}}, {"model": "checkout.orderlineitem", "pk": 23, "fields": {"order": 16, "product": 185, "product_size": null, "quantity": 1, "lineitem_total": "75.00"}}, {"model": "checkout.orderlineitem", "pk": 24, "fields": {"order": 16, "product": 189, "product_size": null, "quantity": 1, "lineitem_total": "75.00"}}, {"model": "checkout.orderlineitem", "pk": 25, "fields": {"order": 17, "product": 183, "product_size": "xs", "quantity": 4, "lineitem_total": "159.96"}}, {"model": "checkout.orderlineitem", "pk": 26, "fields": {"order": 18, "product": 180, "product_size": "m", "quantity": 2, "lineitem_total": "79.98"}}, {"model": "checkout.orderlineitem", "pk": 27, "fields": {"order": 19, "product": 180, "product_size": "m", "quantity": 1, "lineitem_total": "39.99"}}, {"model": "profiles.userprofile", "pk": 1, "fields": {"user": 1, "default_phone_number": "0892323232", "default_street_address1": "fdfd", "default_street_address2": "fdfdfd", "default_town_or_city": "Beaumont", "default_county": "Dublin", "default_postcode": "d33333333", "default_country": "IE"}}, {"model": "profiles.userprofile", "pk": 2, "fields": {"user": 2, "default_phone_number": null, "default_street_address1": null, "default_street_address2": null, "default_town_or_city": null, "default_county": null, "default_postcode": null, "default_country": null}}, {"model": "profiles.userprofile", "pk": 3, "fields": {"user": 3, "default_phone_number": null, "default_street_address1": null, "default_street_address2": null, "default_town_or_city": null, "default_county": null, "default_postcode": null, "default_country": null}}]
